reporting_manager_Bryan Anderson,reporting_manager_Alexandria Cook,reporting_manager_Craig Martin,reporting_manager_Erik Andrews,reporting_manager_Carol Price,total_experience_score,employment_type_Contract,reporting_manager_Megan Clark,reporting_manager_Jon Simpson,reporting_manager_Jordan Hall,reporting_manager_Danielle Vega,reporting_manager_Cristian Garza,reporting_manager_Anna Ali,reporting_manager_Tony Richmond,reporting_manager_Norman Mason,designation_UI/UX Designer,reporting_manager_Daniel Martin,reporting_manager_Tamara Byrd,reporting_manager_Erik Woodard,data_quality_score,reporting_manager_Erik Elliott,reporting_manager_Barbara Norton,reporting_manager_Michael Sanchez,reporting_manager_Thomas Johnson DVM,reporting_manager_Ronald Shaw,reporting_manager_Debra Scott,reporting_manager_Andrea Martin,reporting_manager_James Miller,reporting_manager_Daniel Thompson,reporting_manager_Spencer Scott,reporting_manager_Tiffany Green,knowledge_contributions,reporting_manager_Samantha York,employment_type_Full-Time,reporting_manager_Karen Brown,reporting_manager_Keith Herrera,reporting_manager_Jasmin Scott,reporting_manager_Rebecca Marshall,reporting_manager_Ryan Lopez,reporting_manager_Jared Gordon,sprint_velocity,reporting_manager_Michael Burns,feature_delivery_timeliness,crm_followup_consistency,reporting_manager_Deborah Jackson,reporting_manager_Russell Stewart,designation_Software Developer,reporting_manager_Steven Benton,reporting_manager_Kristina Horn,score_delta,reporting_manager_Lynn Miller,reporting_manager_Hailey Thomas,bug_fix_count,reporting_manager_Omar Salinas,reporting_manager_Steven Brown,internal_transfers_4,code_commits,reporting_manager_Adam Wilson,reporting_manager_Jennifer Jones,reporting_manager_Rachel Ferrell,reporting_manager_Kimberly Greer,reporting_manager_Michael Erickson,reporting_manager_Victoria Thompson,reporting_manager_Alexandra Galloway DDS,rework_count,reporting_manager_Christopher Cobb,reporting_manager_Johnny Brown,reporting_manager_Ashley Taylor,reporting_manager_Laura Brady,reporting_manager_Travis Smith,reporting_manager_Jennifer Adams,reporting_manager_Cindy Booker,report_timeliness,reporting_manager_Heather Norris,reporting_manager_William Spence,financial_modeling_score,task_completion_ratio,reporting_manager_Ryan Fuller,test_cases_executed,reporting_manager_Keith Willis,reporting_manager_Tara Thompson,client_feedback_score,reporting_manager_Lance Jones,reporting_manager_Philip Thomas,reporting_manager_Lauren Mcgrath,reporting_manager_Deborah Smith,reporting_manager_Michael Mosley,reporting_manager_Peggy Castro,reporting_manager_Angela Fuentes,reporting_manager_Trevor David,reporting_manager_Katherine Heath,reporting_manager_Stephanie Campos,reporting_manager_John Brown,reporting_manager_Brandy Smith,reporting_manager_Jessica Lawrence,reporting_manager_Willie Chavez,designation_Accountant,reporting_manager_Alexis Welch,reporting_manager_Emily Baker,reporting_manager_Eric Rush,reporting_manager_Emily Fox,work_location_On-site,reporting_manager_Anthony Cobb,recognition_received_1,voluntary_contributions,reporting_manager_Louis White,reporting_manager_David Mason,reporting_manager_Shelly Gomez,reporting_manager_Thomas Joyce Jr.,reporting_manager_Richard Williams,online_courses_attended,reporting_manager_Jose Hernandez,reporting_manager_Samantha Green,reporting_manager_David Andrews,reporting_manager_Eric Cochran,reporting_manager_Levi Evans,stakeholder_ratings,reporting_manager_Jonathan Ramos,reporting_manager_Shawn Middleton,reporting_manager_Barbara Francis,reporting_manager_Russell Rose,reporting_manager_Allison Ramirez,roadmap_adherence,reporting_manager_Christopher Foster,integrity_feedback_score,reporting_manager_David Brown,reporting_manager_Lauren Novak,meeting_participation,joining_month,reporting_manager_Frank Bishop,reporting_manager_Mark Turner,reporting_manager_Amber Klein,reporting_manager_Michelle Burton,reporting_manager_Matthew Green,reporting_manager_Monica Frederick,reporting_manager_Brian Berger,reporting_manager_Michelle Carpenter,reporting_manager_Tyler Wiley DDS,manager_feedback,reporting_manager_Brandon Cooper,reporting_manager_Karen Macias,reporting_manager_Dana Cooley,reporting_manager_Steven Aguilar,campaign_reach,reporting_manager_Thomas Smith,reporting_manager_Jessica Fernandez,department_Engineering,reporting_manager_Mr. Stephen Bennett,reporting_manager_Christina Warren,responsiveness,reporting_manager_Joshua Hansen,reports_delivered,reporting_manager_Julie Miranda,reporting_manager_Mercedes Lane,reporting_manager_Robert Jordan,reporting_manager_Jasmine Wilson,reporting_manager_Maria Waters,reporting_manager_Debra Henderson,reporting_manager_Jodi Leonard,hackathon_participation,reporting_manager_Kevin Pearson,reporting_manager_Anna Allen,reporting_manager_Hailey Terry,reporting_manager_Samuel Thomas,reporting_manager_Crystal Williams,reporting_manager_Regina Davidson,variance_analysis_score,work_location_Remote,reporting_manager_Michelle Franklin,reporting_manager_Danielle Butler,reporting_manager_Natalie House,reporting_manager_William Berry,reporting_manager_Bryan Booker,reporting_manager_Mrs. Jacqueline Moore,reporting_manager_Mackenzie Brown,reporting_manager_Robin Barton,reporting_manager_Luke Martinez,reporting_manager_Tina Owen,reporting_manager_Carl Rowland,reporting_manager_Charlene Rivera,mentorship_participation,designation_Financial Analyst,reporting_manager_Christina Smith,reporting_manager_Richard White,bugs_reported,reporting_manager_Amber Mcgrath,days_since_joining,reporting_manager_Michael Hall,reporting_manager_Hayden Martinez,reporting_manager_Leslie Sutton,reporting_manager_Linda Morrison,reporting_manager_Stephen Roy,reporting_manager_Melissa Young,reporting_manager_Nancy Lyons,mttr,reporting_manager_Shelley Santos DVM,reporting_manager_Randy Kline,reporting_manager_Daniel Sandoval,communication_effectiveness,training_sessions_delivered,reporting_manager_Shelley Harper,reporting_manager_Kristi Banks,reporting_manager_Michael Schmidt,reporting_manager_Kayla Malone,incident_response_time,reporting_manager_Amanda Davis,overall_weighted_score,reporting_manager_Jennifer Roberts,designation_HR Executive,reporting_manager_Terry Tucker,reporting_manager_Katie Burns,peer_review_rating,reporting_manager_Craig Duncan,reporting_manager_Samuel Smith,reporting_manager_Angela Reyes,reporting_manager_Jennifer Delacruz,reporting_manager_Lawrence Reyes,reporting_manager_Thomas Bullock,reporting_manager_Lisa Gill,reporting_manager_Dylan Gomez,special_recognitions_0,report_submission_punctuality,reporting_manager_Christian Harvey,reporting_manager_Kenneth Sullivan,reporting_manager_Dana Frost,reporting_manager_Rebecca Mcdonald,reporting_manager_Terri Harris,conflict_resolution,employee_engagement_score,cross_team_coordination,reporting_manager_Taylor Mcintosh,reporting_manager_Jenna Wall,reporting_manager_Sheri Garcia,reporting_manager_Jonathan Young,cicd_pipeline_efficiency,reporting_manager_Sandra Roberts,reporting_manager_Regina Porter,reporting_manager_Samantha Moon,adaptability_growth_score,reporting_manager_Edward Edwards,reporting_manager_Matthew Davis,query_efficiency,reporting_manager_Evan Nguyen,visual_consistency,reporting_manager_Jack Parker,reporting_manager_Robert Miller,social_engagement_rate,reporting_manager_Edward Burns,positions_filled,reporting_manager_Shirley Holland,reporting_manager_Mrs. Laura Dyer,certifications_completed,reporting_manager_Nicholas Bentley,reporting_manager_Keith Brewer,reporting_manager_Jessica Reed,reporting_manager_Timothy Schwartz,reporting_manager_Erin Potts,reporting_manager_Matthew Simpson,reporting_manager_Jordan Russell,reporting_manager_Sara Allen,reporting_manager_William Kelly,past_roles_held,burnout_risk,reporting_manager_Nicholas Walsh,reporting_manager_Michael Kaiser,reporting_manager_Matthew Hall,reporting_manager_John Little,reporting_manager_Timothy Bishop,reporting_manager_Sarah Lloyd,developer_productivity,compliance_adherence,retention_suggestion,reporting_manager_Amanda Barajas,reporting_manager_Joan Dixon,reporting_manager_Mary Hood,reporting_manager_Carmen Medina,reporting_manager_James Scott,reporting_manager_Jose Avila,reporting_manager_Carol Walker,reporting_manager_Mitchell Nunez,reporting_manager_Bradley Miles,reporting_manager_Mr. Omar Wheeler,reporting_manager_Christian Smith,reporting_manager_Stephanie Gonzalez,reporting_manager_April Davis,reporting_manager_Nicholas Moore,reporting_manager_Andrew Joyce,reporting_manager_Richard Daniel,reporting_manager_Savannah Alvarado,reporting_manager_Deborah Kennedy,automation_coverage,reporting_manager_Lisa Brown,reporting_manager_Melissa Escobar,reporting_manager_Scott Rodriguez,reporting_manager_Jessica Hopkins,employment_type_Intern,reporting_manager_Anna King,designation_AI/ML Engineer,reporting_manager_Andrew Lee,reporting_manager_Natasha Lee,reporting_manager_Alex Drake,reporting_manager_Kimberly White,reporting_manager_David Robertson,reporting_manager_Alexander Davis,reporting_manager_Shelia Johnson,reporting_manager_Elizabeth Jones,historical_progress_score,num_past_roles,reporting_manager_Edward Matthews,reporting_manager_Evan Alexander,reporting_manager_Miss Ariel Mathis,innovation_submissions,reporting_manager_Kyle Hicks,reporting_manager_Allison Griffin,reporting_manager_Julie Warner,reporting_manager_Stephen Cruz,reporting_manager_Lawrence Obrien,reporting_manager_Kevin Parks,reporting_manager_Derrick Rodriguez,reporting_manager_Teresa Powell,reporting_manager_Rebecca Tucker,reporting_manager_Thomas Black,reporting_manager_Roberto Shields,reporting_manager_Jeffrey Parks,reporting_manager_Mary Bishop,reporting_manager_Joshua Wilson,reporting_manager_Mr. Joseph Morales,reporting_manager_Mr. Jesse Sanchez,reporting_manager_John Garcia,work_quality_consistency,deployment_frequency,experiment_reproducibility,reporting_manager_William Herrera,reporting_manager_Wesley Ramirez,reporting_manager_Catherine Ramos,reporting_manager_Kimberly Harper,reporting_manager_Keith Dodson,peer_complaints,total_experience,reporting_manager_Jackie Kelley,reporting_manager_Lisa Wagner,reporting_manager_Lori Welch,upsell_opportunities_closed,reporting_manager_Alan Lyons,reporting_manager_Michele Carey,reporting_manager_Brandy Kirk,reporting_manager_Cory Walters,reporting_manager_Derek Collins,reporting_manager_Debra Lam,reporting_manager_Sarah Williams,reporting_manager_Michael Ballard,reporting_manager_Gary Johnson,tenure_in_current_role,reporting_manager_Jose Harris,policy_compliance_x,reporting_manager_Curtis Warren,reporting_manager_Linda Garrison,reporting_manager_Albert Roberts,dashboard_usage_rate,budget_forecasting_accuracy,reporting_manager_Kevin Harris,reporting_manager_Jonathan Heath,peer_reviews_score,reporting_manager_Jonathan Gray,reporting_manager_Rachel Lee,regression_pass_rate,reporting_manager_Pamela Ortiz,reporting_manager_Michael Adams,reporting_manager_Thomas Scott,reporting_manager_Melissa Brown,reporting_manager_Kevin Mills,leads_generated,reporting_manager_Kelli Aguilar,model_accuracy,department_Product,usability_test_score,reporting_manager_Judith Kelly,reporting_manager_Kimberly Gibbs,accessibility_score,designation_Marketing Specialist,reporting_manager_Paula Jones,reporting_manager_Mr. James Wilson,reporting_manager_Eric Beard,reporting_manager_Julie Stevenson,department_Sales,reporting_manager_Daniel Gardner,reporting_manager_Jay Potter,reporting_manager_William Turner,reporting_manager_Erin Camacho MD,model_deployment_count,reporting_manager_Aaron Wu,reporting_manager_Alicia Brown,reporting_manager_Jasmine Davis,conversion_rate,projects_handled,active_workdays,reporting_manager_Paul Simmons,reporting_manager_Nicholas Davis,reporting_manager_Christine Brown,reporting_manager_James Kelly,training_hours_logged,reporting_manager_Jacob Weaver,internal_transfers_3,leadership_score,reporting_manager_Alice Perez,reporting_manager_Troy Becker,onboarding_satisfaction,reporting_manager_David Gibbs,reporting_manager_Russell Pittman,reporting_manager_Dr. Jennifer Benson DVM,designation_Sales Executive,reporting_manager_Donald Lewis,reporting_manager_Rachel Johnson,department_HR,designation_Product Manager,reporting_manager_Tyler Harris,department_Design,reporting_manager_Calvin Harvey,reporting_manager_Jacob Owens,reporting_manager_Robert Nguyen,feature_engineering,reporting_manager_Jesse Ford,reporting_manager_Gregory Nolan,reporting_manager_Brittany Robinson,reporting_manager_Bryan Davis,work_location_Hybrid,reporting_manager_Lisa Porter,reporting_manager_Michele Neal,reporting_manager_Sarah Collins,reporting_manager_Alejandro James,reporting_manager_Caleb Maxwell,reporting_manager_Nathan Allen,designation_QA Tester,reporting_manager_Tanya Barrera,reporting_manager_Cynthia Howell,reporting_manager_Brandon Smith,collaboration_communication_score,effort_engagement_score,reporting_manager_Julie Myers,reporting_manager_Rachel Parker,reporting_manager_Bryce Taylor,reporting_manager_Donna Jones,reporting_manager_Brandon Spence,reporting_manager_Brianna Pena,reporting_manager_Charles Reed,sprint_success_rate,avg_hours_logged_vs_team,reporting_manager_Scott King,reporting_manager_Mary Hodges,hr_notes_score,reporting_manager_Lydia Hansen MD,reporting_manager_Megan Smith,recognition_received_0,reporting_manager_Elizabeth Smith,reporting_manager_Charles Campbell,reporting_manager_Stephen Watkins,reporting_manager_Meghan Perry,department_Marketing,client_retention_rate,successful_deployments,internal_transfers_5,reporting_manager_Ryan Huber,defect_leakage_rate,reporting_manager_Austin Cox,reporting_manager_Misty Brown,hr_warnings_0,tech_debt_reduction,reporting_manager_Brandon Bryant DDS,reporting_manager_Robin Shaffer,adaptability_to_change,reporting_manager_Mary Meyers,design_delivery_timeliness,reporting_manager_Marissa Turner MD,reporting_manager_Matthew Bauer,insight_accuracy,reporting_manager_Brittany Soto,reporting_manager_John Hartman,code_quality,reporting_manager_Kayla Jones,invoice_processing_efficiency,reporting_manager_Sherri Gomez,client_communication,reporting_manager_Michelle Green,manager_comments_score,reporting_manager_Ashley Wells,reporting_manager_Colleen Barber,content_delivery_timeliness,reporting_manager_Johnny Lopez,reporting_manager_Dylan Sutton,reporting_manager_Brett Rodriguez,reporting_manager_James Hopkins,reporting_manager_Brittney Wilson,response_to_change,reporting_manager_Michael Cruz,reporting_manager_Donna Munoz,revenue_generated,reporting_manager_Victoria Rios,initiative_in_projects,reporting_manager_Lori Greene,reporting_manager_Desiree Douglas,reporting_manager_David Riddle,reporting_manager_Kelli Taylor,department_Finance,reporting_manager_Dean Scott,reporting_manager_Franklin Wright,adherence_to_deadlines,designation_Data Analyst,reporting_manager_Leon Shepherd,reporting_manager_Jessica Andrews,meeting_participation_rate,reporting_manager_Samantha Harper,reporting_manager_Sean Curry,hr_warnings_1,reporting_manager_Elizabeth Anderson,cost_saving_suggestions,past_ratings_history,reporting_manager_Alicia Howard,reporting_manager_Maria Hancock,reporting_manager_Michelle Thomas,policy_compliance_y,reporting_manager_Gregory Jones,seo_improvement,reporting_manager_Derrick Davis,reporting_manager_Donna Frank,reporting_manager_Donna Beasley,reporting_manager_Jeffrey Garcia,reporting_manager_Judith Ramirez,reporting_manager_Darryl Dean,reporting_manager_David Cross,reporting_manager_Jennifer Harris,reporting_manager_Tracy Morris,reporting_manager_Madeline Garcia,promotion_recommendation,reporting_manager_Mrs. Mary Lewis,task_ownership,role_specific_kpi_score,reporting_manager_Michelle Jackson,reporting_manager_Stephen Buckley,reporting_manager_Todd Graham,reporting_manager_Travis Moore,joining_quarter,special_recognitions_1,reporting_manager_George Hall,reporting_manager_Evan Smith,reporting_manager_Austin Williams MD,reporting_manager_Jennifer Sanchez,reporting_manager_Jeffery Davis,reporting_manager_Nicholas Kent,reporting_manager_Joseph Jones,reporting_manager_Ashley Jones,reporting_manager_Spencer Flores,reporting_manager_Elizabeth King,reporting_manager_William Ramos,reporting_manager_Summer Boyd,reporting_manager_Claudia Garcia,reporting_manager_Johnny Abbott,reporting_manager_Vincent Mahoney,uptime_percentage,qa_effectiveness,reporting_manager_Kevin Summers,audit_readiness_score,reporting_manager_Walter Gutierrez,reporting_manager_Christopher Yang,reporting_manager_Zachary Davis,reporting_manager_Michael Mcdonald MD,reporting_manager_Judy Giles,ledger_accuracy,reporting_manager_Tracy Diaz,skill_development_score,reporting_manager_Lisa Wells,reporting_manager_David Deleon,reporting_manager_Melissa Harding,reporting_manager_Heather Joyce,reporting_manager_Kylie Stephens,promotions_achieved,reporting_manager_Deborah Griffith,reporting_manager_Kyle Orozco,reporting_manager_Mrs. Alexis English,stress_load_tolerance,ethics_confidentiality,reporting_manager_Jane Jarvis,reporting_manager_Jennifer Smith,reporting_manager_Christopher Mora,reporting_manager_Christina Dunlap,reporting_manager_John Davis,reporting_manager_Gregory Williams,reporting_manager_Dr. Larry Clark Jr.,designation_DevOps Engineer,reporting_manager_Stephen Brown,name,employee_id
0,0,0,0,0.0,5.0,0.0,0,0,0,0,0,0,0,0,0,0,0,0,,0,0,0,0,0,0,0,0,0,0,0,3,0.0,0,0,0,0,0,0,0,,0,,4.0,0,0.0,0.0,0,0,2.5,0,0,,0,0,0.0,,0,0,0,0,0,0,0,,0,0,0,0,0,0,0,,0,0,,3.75,0.0,,0,0,3.46,0,0,0,0,0,0,0,0,0,0.0,0,0,0,0,0.0,0,0,0.0,0,0,0.0,0.0,3.333333333333333,0,0,0,0,0,0,0,0.0,0,0,0,,0,0,0,0,0,,0.0,5.0,0,0,3.75,6,0.0,0,0.0,0.0,0,0.0,0,0,0,3,0,0,0,0,,0.0,0.0,0.0,0,0,2.5,0,,0,0,0,0,0,0,0,0,0,0,0.0,0,0,0.0,,0.0,0.0,0,0,0,0,0,1.0,0,0,0,0,0,5,0.0,0.0,0,,0,774,0,0,0.0,0,0,0,0,,0,0,0,2.5,,0,0,0,0,,0,3,0,0.0,0,0.0,2.5,0,0,0,0,0,0,0,0,1.0,,0,0,0,0.0,0,3,,,0,0,0,0,,0,0,0,1.6666666666666665,0,0,,0,,0,0,,0,,0,0,0,0,0,0,0,0,0,0,0,0,0,2.5,0,0,0,0,0,0,,,0,0,0,0,0,0,0,0,0,0,0,0.0,0,0,0,0,0,0,0,,0.0,0,0,0,0.0,0,0,0,0,0,0,0,0,0,0,0.0,1,0,0,0,1,0,0,0,0,0,0,0,0,0,0,0,0,0,0,0,0,0,2.5,,,0,0,0,0,0,1,5.1,0,0,0.0,2.0,0,0,0,0,0,0,0,0,0,1.9565217391304348,0,,0,0,0,,,0,0,0.3323333333333333,0,0,,0,0,0.0,0,0,,0,,0.0,,0,0,,0.0,0,0,0,0,1.0,0,0,0,0,,0,0,0,5.0,0.0,3.75,0.0,0,0,0.0,0,0.0,1.0,3.3333333333333335,0,0.0,,0.0,0,0,1.0,0,0,0.0,0.0,0,0.0,0,0,0.0,,0,0,0,0,1.0,0,0,0,0,0,0,0.0,0,0,0,2.5,3.3333333333333335,0,0,0.0,0,0,0,0,,3.75,0,0,0.597,0,0,1.0,0,0,0,0,0.0,5.0,,0.0,0,,0,0,1.0,,0,0,4,0,,0,0,,0,0,,0,,0,3,0,0.5484166666666667,0,0,,0,0,0,0,0,2,0,0,4.999999999999999,0,4,0,0,0,0,0.0,0,0,2.5,0.0,0,0,3.75,0,0,0.0,0,,2,0,0,0,5,0,,0,0,0,0,0,0,0,0,0,0,5,0,5.0,4.545454545454544,0,0,0,0,2,0.0,0,0,0,0,0,0,0,0,0.0,0,0,0,0,0,0,,,0,,0,0,0,0.0,0,,0,0,0,0,0.0,0,0,0.0,0,0,0,2.5,5,0,0,0,0,0,0,0,0.0,0,Brian Fernandez,EMP0001
0,0,0,0,0.0,0.0,0.0,0,0,0,0,0,0,0,0,0,0,0,0,,0,0,0,0,0,0,0,0,0,0,0,1,0.0,0,0,0,0,0,0,0,2.5,0,,,0,0.0,1.0,0,0,5.0,0,0,2.5,0,0,1.0,2.5,0,0,0,0,0,0,0,,0,0,0,0,0,0,0,,0,0,,3.75,0.0,,0,0,3.2800000000000002,0,0,0,0,0,0,0,0,0,0.0,0,0,0,0,0.0,0,0,0.0,0,0,0.0,0.0,1.6666666666666667,0,0,0,0,0,4,0,0.0,0,0,0,,0,0,0,0,0,,0.0,5.0,0,0,2.5,8,0.0,0,0.0,0.0,0,0.0,0,0,0,3,0,0,0,0,,0.0,0.0,1.0,0,0,2.5,0,,0,0,0,0,0,0,0,0,0,0,0.0,0,0,0.0,,0.0,0.0,0,0,0,0,0,0.0,0,0,0,0,0,0,0.0,0.0,0,,0,1422,0,0,0.0,0,0,0,0,,0,0,0,2.5,,0,0,0,0,,0,4,0,0.0,0,0.0,2.5,0,0,0,0,0,0,0,0,1.0,,0,0,0,0.0,0,3,,,0,0,0,0,,0,0,0,3.3333333333333335,0,0,,0,,0,0,,0,,0,0,5,0,0,0,0,0,0,0,0,0,1,2.5,0,0,0,0,0,0,2.9999999999999996,,0,0,0,0,0,0,0,0,0,0,0,0.0,0,0,0,0,0,0,0,,0.0,0,0,0,0.0,0,0,0,0,0,0,0,0,0,0,5.0,1,0,0,0,0,0,0,0,0,0,0,0,0,0,0,0,0,0,0,0,0,0,2.5,5.0,,0,0,0,0,0,0,6.3,0,0,0.0,,0,0,0,0,0,0,0,0,0,3.804347826086956,0,,0,0,0,,,0,0,0.5819444444444445,0,0,,0,0,0.0,0,0,,0,,0.0,,0,0,,0.0,0,0,0,0,0.0,0,0,0,0,,0,0,0,,5.0,3.75,0.0,0,0,0.0,3,0.0,0.0,3.3333333333333335,0,0.0,,0.0,0,0,0.0,0,0,0.0,0.0,0,0.0,0,0,0.0,,0,0,0,0,0.0,0,0,0,0,0,0,0.0,0,0,0,2.5,3.3333333333333335,0,0,0.0,0,0,0,0,,5.0,0,0,0.5538749999999999,0,0,1.0,0,0,0,0,0.0,,,0.0,0,,0,0,1.0,,0,0,3,0,,0,0,,0,0,3.0,0,,0,2,0,0.5155,0,0,,0,0,0,0,0,4,0,0,,0,4,0,0,0,0,0.0,0,0,2.5,0.0,0,0,2.5,0,0,0.0,0,,2,0,0,0,5,0,,0,0,0,0,0,0,0,0,0,0,5,0,5.0,3.636363636363636,0,0,0,0,3,0.0,0,0,0,0,0,0,0,0,0.0,0,0,0,0,0,0,,,0,,0,0,0,1.0,0,,0,4,0,0,0.0,0,0,3.3333333333333335,0,0,0,2.5,5,0,0,0,0,0,0,0,0.0,0,Gabriela Morris,EMP0002
0,0,0,0,0.0,3.3333333333333335,0.0,0,0,0,0,0,0,0,0,0,0,0,0,,0,0,0,0,0,0,0,0,0,0,0,3,0.0,0,0,0,0,0,0,0,5.0,0,,,0,0.0,1.0,0,0,5.0,0,0,2.5,0,0,0.0,2.5,0,0,0,0,0,0,0,,0,0,0,0,0,0,0,,0,0,,3.75,0.0,,0,0,3.2800000000000002,0,0,0,0,0,0,0,0,0,0.0,0,0,0,0,0.0,0,0,0.0,0,0,0.0,1.0,1.6666666666666667,0,0,0,0,0,5,0,0.0,0,0,0,,0,0,0,0,0,,0.0,5.0,0,0,3.75,7,0.0,0,0.0,0.0,0,0.0,0,0,0,3,0,0,0,0,,0.0,0.0,1.0,0,0,5.0,0,,0,0,0,0,0,0,0,0,0,0,0.0,0,0,0.0,,0.0,0.0,0,0,0,0,0,0.0,0,0,0,0,0,0,0.0,0.0,0,,0,1084,0,0,0.0,0,0,0,0,,0,0,0,5.0,,0,0,0,0,,0,4,0,0.0,0,0.0,2.5,0,0,0,0,0,0,0,0,1.0,,0,0,0,0.0,0,5,,,0,0,0,0,,0,0,0,1.6666666666666665,0,0,,0,,0,0,,0,,0,0,0,0,0,0,0,0,0,0,0,0,3,2.5,0,0,0,0,0,0,2.9999999999999996,,0,0,0,0,0,0,0,0,0,0,0,0.0,0,0,0,0,0,0,0,,0.0,0,0,0,1.0,0,0,0,0,0,0,0,0,0,0,5.0,1,0,0,0,0,0,0,0,0,0,0,0,0,0,0,0,0,0,0,0,0,0,2.5,0.0,,0,0,0,0,0,0,4.0,0,0,0.0,,0,0,0,0,0,0,0,0,0,2.826086956521739,0,,0,0,0,,,0,0,0.4071666666666666,0,0,,0,0,0.0,0,0,,0,,0.0,,0,0,,0.0,0,0,0,0,0.0,0,0,0,0,,0,0,0,,5.0,2.5,0.0,0,0,0.0,4,1.0,1.0,3.3333333333333335,0,0.0,,0.0,0,0,0.0,0,0,0.0,0.0,0,0.0,0,0,0.0,,0,0,0,0,0.0,0,0,0,0,0,0,0.0,0,0,0,5.0,3.3333333333333335,0,0,0.0,0,0,0,0,,2.5,0,0,0.7030000000000001,0,0,0.0,0,0,0,0,0.0,,,0.0,0,,0,0,1.0,,0,0,2,0,,0,0,,0,0,3.0,0,,0,3,0,0.44800000000000006,0,0,,0,0,0,0,0,2,0,0,,0,4,0,0,0,0,0.0,0,0,2.5,0.0,0,0,3.75,0,0,0.0,0,,3,0,0,0,5,0,,0,0,0,0,0,0,0,0,0,0,5,0,5.0,2.2727272727272716,0,0,0,0,3,0.0,0,0,0,0,0,0,0,0,0.0,0,0,0,0,0,0,,,0,,0,0,0,0.0,0,,0,3,0,0,0.0,0,0,0.0,0,0,0,2.5,5,0,0,0,0,0,0,0,0.0,0,Jennifer Smith,EMP0003
0,0,0,0,0.0,5.0,0.0,0,0,0,0,0,0,0,0,0,0,0,0,,0,0,0,0,0,0,0,0,0,0,0,5,0.0,0,0,0,0,0,0,0,,0,,,0,0.0,0.0,0,0,2.5,0,0,,0,0,0.0,,0,0,0,0,0,0,0,,0,0,0,0,0,0,0,,0,0,,3.75,0.0,,0,0,3.2800000000000002,0,0,0,0,0,0,0,0,0,1.0,0,0,0,0,0.0,0,0,0.0,0,0,0.0,0.0,3.333333333333333,0,0,0,0,0,1,0,0.0,0,0,0,,0,0,0,0,0,,0.0,0.0,0,0,3.75,7,0.0,0,0.0,0.0,0,0.0,0,0,0,3,0,0,0,0,,0.0,0.0,1.0,0,0,2.5,0,,0,0,0,0,0,0,0,5,0,0,0.0,0,0,0.0,,0.0,0.0,0,0,0,0,0,0.0,0,0,0,0,0,0,0.0,0.0,0,,0,1455,0,0,0.0,0,0,0,0,,0,0,0,2.5,,0,0,0,0,,0,3,0,0.0,0,0.0,0.0,0,0,0,0,0,0,0,0,1.0,,0,0,0,0.0,0,5,,,0,0,0,0,,0,0,0,1.6666666666666665,0,0,,0,,0,0,,0,,0,0,3,0,0,0,0,0,0,0,0,0,3,2.5,0,0,0,0,0,0,,,0,0,0,0,0,0,0,0,0,0,0,0.0,0,0,0,0,0,0,0,,0.0,0,0,0,0.0,0,0,0,0,0,0,0,0,0,0,2.5,1,0,0,0,0,0,0,0,0,0,0,0,0,0,0,0,0,0,0,0,0,0,0.0,,5.0,0,0,0,0,0,0,5.6,0,0,0.0,,0,0,0,0,0,0,0,0,0,3.913043478260869,0,,0,0,0,,,0,0,0.5376666666666667,0,0,,0,0,0.0,0,0,,0,2.5,0.0,,0,0,,0.0,0,0,0,0,0.0,0,0,0,0,5.0,0,0,0,,3.75,2.5,0.0,0,0,0.0,5,0.0,1.0,3.3333333333333335,0,0.0,,0.0,0,0,0.0,0,0,0.0,0.0,0,0.0,0,0,0.0,2.0,0,0,0,0,0.0,0,0,0,0,0,0,0.0,0,0,0,2.5,3.3333333333333335,0,0,0.0,0,0,0,0,,3.75,0,0,0.347,0,0,1.0,0,0,0,0,0.0,,,0.0,0,,0,0,1.0,5.0,0,0,3,0,,0,0,,0,0,,0,,0,1,0,0.6154999999999999,0,0,,0,0,0,0,0,2,0,0,,0,4,0,0,0,0,0.0,0,0,2.5,0.0,0,0,3.75,0,0,0.0,0,,3,0,0,0,1,0,,0,0,0,0,0,0,0,0,0,0,5,0,5.0,4.999999999999999,0,0,0,0,3,0.0,0,0,0,0,0,0,0,0,0.0,0,0,0,0,0,0,,,0,,0,0,0,0.0,0,,0,3,0,0,0.0,0,0,1.6666666666666667,0,0,0,2.5,5,0,0,0,0,0,0,0,0.0,0,Brian Baker,EMP0004
0,0,0,0,0.0,5.0,0.0,0,0,0,0,0,0,0,0,0,0,0,0,,0,0,0,0,0,0,0,0,0,0,0,0,0.0,0,0,0,0,0,0,0,,0,,,0,0.0,0.0,0,0,2.5,0,0,,0,0,0.0,,0,0,0,0,0,0,0,,0,0,0,0,0,0,0,,0,0,,1.25,0.0,,0,0,3.695,0,0,0,0,0,0,0,0,0,0.0,0,0,0,0,0.0,0,0,0.0,0,0,0.0,0.0,1.6666666666666667,0,0,0,0,0,5,0,0.0,0,0,0,,0,0,0,0,0,,0.0,2.5,0,0,3.75,5,0.0,0,0.0,0.0,0,0.0,0,0,0,3,0,0,0,0,,0.0,0.0,0.0,0,0,2.5,0,,0,0,0,0,0,0,0,0,0,0,0.0,0,0,0.0,,1.0,0.0,0,0,0,0,0,0.0,0,0,0,0,0,0,0.0,0.0,0,,0,794,0,0,0.0,0,0,0,0,,0,0,0,2.5,2.5,0,0,0,0,,0,3,0,1.0,0,0.0,5.0,0,0,0,0,0,0,0,0,1.0,,0,0,0,0.0,0,3,0.0,,0,0,0,0,,0,0,0,0.0,0,0,,0,,0,0,,0,5.0,0,0,2,0,0,0,0,0,0,0,0,0,0,0.0,0,0,0,0,0,0,,,0,0,0,0,0,0,0,0,0,0,0,0.0,0,0,0,0,0,0,0,,0.0,0,0,0,0.0,0,0,0,0,0,0,0,0,0,0,2.5,1,0,0,0,3,0,0,0,0,0,0,0,0,0,0,0,0,0,0,0,0,0,5.0,,,0,0,0,0,0,0,4.0,0,0,1.0,,0,0,0,0,0,0,0,0,0,1.9565217391304348,0,2.0,0,0,0,,,0,0,0.4046666666666667,0,0,,0,0,0.0,0,0,,0,,0.0,,0,0,,0.0,0,0,0,0,0.0,0,0,0,0,,0,0,0,,3.75,1.25,0.0,0,0,0.0,5,0.0,1.0,0.0,0,0.0,0.0,0.0,0,0,0.0,0,0,1.0,0.0,0,0.0,0,0,0.0,,0,0,0,0,0.0,0,0,0,0,0,0,0.0,0,0,0,2.5,1.6666666666666665,0,0,0.0,0,0,0,0,,1.25,0,0,0.4563308080808081,0,0,1.0,0,0,0,0,0.0,,,0.0,0,,0,0,1.0,,0,0,3,0,,0,0,,0,0,,0,,0,2,0,0.4067777777777778,0,0,,0,0,0,0,0,2,0,0,,0,2,0,0,0,0,0.0,0,0,2.5,0.0,0,0,3.75,0,0,0.0,0,,3,0,0,0,5,0,,0,0,0,0,0,0,0,0,0,0,5,0,1.25,1.8181818181818175,0,0,0,0,2,0.0,0,0,0,0,0,0,0,0,0.0,0,0,0,0,0,0,,,0,,0,0,0,0.0,0,,0,4,0,0,0.0,0,0,1.6666666666666667,0,0,0,5.0,5,0,0,0,0,0,0,0,0.0,0,Molly Lopez,EMP0005
0,0,0,0,0.0,5.0,0.0,0,0,0,0,0,0,0,0,0,0,0,0,,0,0,0,0,0,0,0,0,0,0,0,1,0.0,0,0,0,0,0,0,0,,0,5.0,,0,0.0,0.0,0,0,5.0,0,0,,0,0,0.0,,0,0,0,0,0,0,0,,0,0,0,0,0,0,0,,0,0,,1.25,0.0,,0,0,3.2,0,0,0,0,0,0,0,0,0,0.0,0,0,0,0,0.0,0,0,0.0,0,0,0.0,0.0,5.0,0,0,0,0,0,0,0,0.0,0,0,0,3.0,0,0,0,0,0,5.0,0.0,5.0,0,0,1.25,1,0.0,0,1.0,0.0,0,0.0,0,0,0,3,0,0,0,0,,0.0,0.0,0.0,0,0,0.0,0,,0,0,0,0,0,0,0,5,0,0,0.0,0,0,0.0,,1.0,0.0,0,0,0,0,0,0.0,0,0,0,0,0,0,0.0,0.0,0,,0,900,0,0,0.0,0,0,0,0,,0,0,0,2.5,,0,0,0,0,,0,3,0,0.0,0,0.0,0.0,0,0,0,0,0,0,0,0,1.0,,0,0,0,0.0,0,3,,4.0,0,0,0,0,,0,0,0,1.6666666666666665,0,0,,0,,0,0,,0,,0,0,0,0,0,0,0,0,0,0,0,0,2,0.0,0,0,0,0,0,0,,,0,0,0,0,0,0,0,0,0,0,0,0.0,0,0,0,0,0,0,0,,0.0,0,0,0,1.0,0,0,0,0,0,0,0,0,0,0,5.0,1,0,0,0,1,0,0,0,0,0,0,0,0,0,0,0,0,0,0,0,0,0,0.0,,,0,0,0,0,0,0,6.4,0,0,0.0,,0,0,0,0,0,0,0,0,0,2.2826086956521734,0,,0,0,0,,,0,0,0.4245,0,0,,0,0,0.0,0,0,,0,,1.0,,0,0,,0.0,0,0,0,0,0.0,0,0,0,0,,0,0,0,,2.5,0.0,0.0,0,0,0.0,0,0.0,0.0,3.3333333333333335,0,0.0,,0.0,0,0,0.0,0,0,0.0,1.0,0,0.0,0,0,0.0,,0,0,0,0,0.0,0,0,0,0,0,0,0.0,0,0,0,2.5,0.0,0,0,0.0,0,0,0,0,5.0,0.0,0,0,0.5935,0,0,1.0,0,0,0,0,0.0,,,1.0,0,,0,0,1.0,,0,0,3,0,,0,0,,0,0,,0,,0,3,0,0.38899999999999996,0,0,,0,0,0,0,0,2,0,0,,0,4,0,0,0,0,0.0,0,0,5.0,0.0,0,0,0.0,0,0,0.0,0,,3,0,0,0,5,0,,0,0,0,0,0,0,0,0,0,0,0,0,5.0,4.545454545454544,0,0,0,0,1,0.0,0,0,0,0,0,0,0,0,0.0,0,0,0,0,0,0,,,0,,0,0,0,0.0,0,,0,0,0,0,0.0,0,0,0.0,0,0,0,5.0,5,0,0,0,0,0,0,0,0.0,0,Thomas Peterson,EMP0006
0,0,0,0,0.0,1.6666666666666665,0.0,0,0,0,0,0,0,0,0,0,0,0,0,,0,0,0,0,0,0,0,0,0,0,0,0,0.0,0,0,0,0,0,0,0,,0,,,0,0.0,0.0,0,0,2.5,0,0,,0,0,1.0,,0,0,0,0,0,0,0,,0,0,0,0,0,0,0,,0,0,,2.5,0.0,,0,0,3.2800000000000002,0,0,0,0,0,0,0,0,0,0.0,0,0,0,0,1.0,0,0,0.0,0,0,0.0,1.0,0.0,0,0,0,0,0,0,0,0.0,0,0,0,,0,0,0,0,0,,0.0,5.0,0,0,2.5,12,0.0,0,0.0,0.0,0,0.0,0,0,0,2,0,0,0,0,,0.0,0.0,0.0,0,0,0.0,0,,0,0,0,0,0,0,0,0,0,0,0.0,0,0,0.0,,0.0,0.0,0,0,0,0,0,0.0,0,0,0,0,0,5,0.0,0.0,0,,0,1668,0,0,0.0,0,0,0,0,,0,0,0,0.0,,0,0,0,0,,0,3,0,0.0,0,0.0,0.0,0,0,0,0,0,0,0,0,1.0,2.0,0,0,0,0.0,0,3,,,0,0,0,0,,0,0,0,0.0,0,0,,0,,0,0,,0,,0,0,3,0,0,0,0,0,0,0,0,0,3,2.5,0,0,0,0,0,0,,0.0,0,0,0,0,0,0,0,0,0,0,0,0.0,0,0,0,0,0,0,0,,0.0,0,0,0,0.0,0,0,0,0,0,0,0,0,0,0,5.0,1,0,0,0,0,0,0,0,0,0,0,0,0,0,0,0,0,0,0,0,0,0,0.0,,,0,0,0,0,0,0,4.9,0,0,0.0,,0,0,0,0,0,0,0,0,0,4.565217391304348,0,,0,0,0,,,0,0,0.4056666666666667,0,0,,0,0,0.0,0,0,,0,,0.0,,0,0,,0.0,0,0,0,0,0.0,0,0,0,0,,0,0,0,,0.0,1.25,1.0,0,0,0.0,3,0.0,0.0,1.6666666666666665,0,0.0,,0.0,0,0,0.0,0,0,0.0,0.0,0,0.0,0,0,0.0,,0,0,0,0,1.0,0,0,0,0,0,0,0.0,0,0,0,0.0,1.6666666666666665,0,0,0.0,0,0,0,0,,2.5,0,0,0.364,0,0,0.0,0,0,0,0,0.0,,,0.0,0,,0,0,1.0,,0,0,2,0,,0,0,,0,0,,0,1.0,0,4,0,0.39299999999999996,0,0,,0,0,0,0,0,2,0,0,,0,3,0,0,0,0,1.0,0,0,2.5,0.0,0,0,2.5,0,0,0.0,0,,4,0,0,0,5,0,,0,0,0,0,0,0,0,0,0,0,5,0,2.5,1.3636363636363633,0,0,0,0,4,0.0,0,0,0,0,0,0,0,0,0.0,0,0,0,0,0,0,,,0,0.0,0,0,0,0.0,0,5.0,0,2,0,0,0.0,0,0,3.3333333333333335,0,0,0,2.5,5,0,0,0,0,0,0,0,0.0,0,Katherine Woods,EMP0007
0,0,0,0,0.0,0.0,0.0,0,0,0,0,0,0,0,0,0,0,0,0,,0,0,0,0,0,0,0,0,0,0,0,1,0.0,0,0,0,0,0,0,0,,0,,,0,0.0,0.0,0,0,2.5,0,0,,0,0,0.0,,0,0,0,0,0,0,0,,0,0,0,0,0,0,0,,0,0,,2.5,0.0,,0,0,3.24,0,0,0,0,0,0,0,0,0,0.0,0,0,0,0,0.0,0,0,0.0,0,0,0.0,0.0,1.6666666666666667,0,0,0,0,0,4,0,0.0,0,0,0,,0,0,0,0,0,,0.0,5.0,0,0,3.75,4,0.0,0,0.0,0.0,0,0.0,0,0,0,3,0,0,0,0,0.0,0.0,0.0,0.0,0,0,2.5,0,,0,0,0,0,0,0,0,0,0,0,0.0,0,0,1.0,,0.0,0.0,0,0,0,0,0,0.0,0,0,0,0,0,0,0.0,0.0,0,,0,1563,0,0,0.0,0,0,0,0,,0,0,0,2.5,,0,0,0,0,,0,3,0,0.0,0,0.0,5.0,0,0,0,0,0,0,0,0,1.0,,0,0,0,0.0,0,1,,,0,0,0,0,,0,0,0,1.6666666666666665,0,0,,0,,0,0,0.0,0,,0,0,0,0,0,0,0,0,0,0,0,0,2,0.0,0,0,0,0,0,0,,,0,0,0,0,0,0,0,0,0,0,0,0.0,0,0,0,0,0,0,0,,0.0,0,0,0,1.0,0,0,0,0,0,0,0,0,0,0,2.5,1,0,0,0,0,0,0,0,0,0,0,0,0,0,0,0,0,0,0,0,0,0,5.0,,,0,0,0,0,0,0,7.1,0,0,0.0,,0,0,0,0,0,0,0,0,0,4.239130434782608,0,,0,0,0,,,0,0,0.4711666666666666,0,0,,0,0,0.0,0,0,0.0,0,,0.0,,0,0,,1.0,0,0,0,0,0.0,0,0,0,0,,0,0,0,,5.0,1.25,0.0,0,0,0.0,0,0.0,1.0,1.6666666666666665,0,0.0,,0.0,0,0,0.0,0,0,0.0,0.0,0,0.0,0,0,0.0,,0,0,0,0,1.0,0,0,0,0,0,0,0.0,0,0,0,2.5,1.6666666666666665,0,0,0.0,0,0,0,0,,0.0,0,0,0.34066666666666673,0,0,1.0,0,0,0,0,1.0,,,0.0,0,,0,0,1.0,,0,0,4,0,,0,0,,0,0,,0,,0,3,0,0.503,0,0,3.0,0,0,0,0,0,2,0,0,,0,3,0,0,0,0,0.0,0,0,2.5,0.0,0,0,3.75,0,0,0.0,0,,2,0,0,0,5,0,3.0,0,0,0,0,0,0,0,0,0,0,0,0,2.5,1.8181818181818175,0,0,0,0,2,0.0,0,0,0,0,0,0,0,0,0.0,0,0,0,0,0,0,,,0,,0,0,0,0.0,0,,0,1,0,0,0.0,0,0,0.0,0,0,0,5.0,5,0,0,0,0,0,0,0,0.0,0,Gary Lee,EMP0008
0,0,0,0,0.0,1.6666666666666665,0.0,0,0,0,0,0,0,0,0,0,0,0,0,,0,0,0,0,0,0,0,0,0,0,0,1,0.0,0,0,0,0,0,0,0,,0,,,0,0.0,0.0,0,0,0.0,0,0,,0,0,0.0,,0,0,0,0,0,0,0,,0,0,0,0,0,0,0,,0,0,,2.5,0.0,,0,0,3.2800000000000002,0,0,0,0,0,0,0,0,0,0.0,0,0,0,0,1.0,0,0,0.0,0,0,0.0,0.0,1.6666666666666667,0,0,0,0,0,2,0,0.0,0,0,0,,0,0,0,0,0,,0.0,5.0,0,0,3.75,9,0.0,0,0.0,0.0,0,0.0,0,0,0,3,0,0,0,0,,0.0,0.0,0.0,0,0,2.5,0,,0,0,0,0,0,0,0,0,0,0,0.0,0,0,0.0,,0.0,0.0,0,0,0,0,0,0.0,0,0,0,0,0,5,0.0,0.0,0,,0,678,0,0,0.0,0,0,0,0,,0,0,0,2.5,,0,0,0,0,,0,3,0,0.0,0,0.0,0.0,0,0,0,0,0,0,0,0,0.0,3.0,0,0,0,0.0,0,3,,,0,0,0,0,,0,0,0,1.6666666666666665,0,0,,0,,0,0,,0,,0,0,3,0,0,0,0,0,0,0,0,0,1,2.5,0,0,0,0,0,0,,5.0,0,0,0,0,0,0,0,0,0,0,0,1.0,0,0,0,0,0,0,0,,0.0,0,0,0,1.0,0,0,0,0,0,0,0,0,0,0,0.0,1,0,0,0,0,0,0,0,0,0,0,0,0,0,0,0,0,0,0,0,0,0,0.0,,,0,0,0,0,0,0,5.7,0,0,0.0,,0,0,0,0,0,0,0,0,0,1.6304347826086958,0,,0,0,0,,,0,0,0.37733333333333324,0,0,,0,0,0.0,0,0,,0,,0.0,,0,0,,0.0,0,0,0,0,0.0,0,0,0,0,,0,0,0,,3.75,3.75,0.0,0,0,0.0,5,0.0,1.0,1.6666666666666665,0,0.0,,0.0,0,0,0.0,0,0,0.0,0.0,0,0.0,0,0,0.0,,0,0,0,0,0.0,0,0,0,0,0,0,0.0,0,0,0,2.5,1.6666666666666665,0,0,0.0,0,0,0,0,,2.5,0,0,0.45687878787878783,0,0,1.0,0,0,0,0,0.0,,,0.0,0,,0,0,1.0,,0,0,3,0,,0,0,,0,0,,0,3.0,0,3,0,0.4095833333333333,0,0,,0,0,0,0,0,2,0,0,,0,3,0,0,0,0,1.0,0,0,2.5,0.0,0,0,3.75,0,0,0.0,0,,3,0,0,0,5,0,,0,0,0,0,0,0,0,0,0,0,0,0,2.5,2.7272727272727266,0,0,0,0,3,1.0,0,0,0,0,0,0,0,0,0.0,0,0,0,0,0,0,,,0,0.0,0,0,0,0.0,0,0.0,0,3,0,0,0.0,0,0,0.0,0,0,0,2.5,5,0,0,0,0,0,0,0,0.0,0,Lori Fuller,EMP0009
0,0,0,0,0.0,3.3333333333333335,0.0,0,0,0,0,0,0,0,0,0,0,0,0,,0,0,0,0,0,0,0,0,0,0,0,0,0.0,0,0,0,0,0,0,0,,0,,,0,0.0,0.0,0,0,5.0,0,0,,0,0,0.0,,0,0,0,0,0,0,0,,0,0,0,0,0,0,0,,0,0,,2.5,0.0,5.0,0,0,3.2800000000000002,0,0,0,0,0,0,0,0,0,0.0,0,0,0,0,0.0,0,0,0.0,0,0,0.0,0.0,1.6666666666666667,0,0,0,0,0,0,0,0.0,0,0,0,,0,0,0,0,0,,0.0,2.5,0,0,1.25,11,0.0,0,0.0,0.0,0,0.0,0,0,0,3,0,0,0,0,,0.0,0.0,1.0,0,0,2.5,0,,0,0,0,0,0,0,0,0,0,0,0.0,0,0,0.0,,0.0,0.0,0,0,0,0,0,0.0,0,0,0,0,0,0,0.0,1.0,0,5.0,0,242,0,0,0.0,0,0,0,0,,0,0,0,2.5,,0,0,0,0,,0,3,0,0.0,0,0.0,0.0,0,0,0,0,0,0,0,0,1.0,,0,0,0,0.0,0,3,,,0,0,0,0,,0,0,0,0.0,0,0,,0,,0,0,,0,,0,0,0,0,0,0,0,0,0,0,0,0,3,0.0,0,0,0,0,0,0,,,0,0,0,0,0,0,0,0,0,0,0,0.0,0,0,0,0,0,0,0,5.0,0.0,0,0,0,0.0,0,0,0,0,0,0,0,0,0,0,5.0,1,0,0,0,3,0,0,0,0,0,0,0,0,0,0,0,0,0,0,0,0,0,0.0,,,0,0,0,0,0,1,2.0,0,0,0.0,,0,0,0,0,0,0,0,0,0,0.3260869565217391,0,,0,0,0,,,0,0,0.425,0,0,5.0,0,0,0.0,0,0,,0,,0.0,,0,0,,0.0,0,0,0,0,0.0,0,0,0,0,,0,0,0,,3.75,2.5,0.0,0,0,0.0,4,0.0,0.0,1.6666666666666665,0,0.0,,0.0,0,0,0.0,0,0,0.0,0.0,0,0.0,0,0,0.0,,0,0,0,0,0.0,0,0,0,0,0,0,1.0,0,0,0,2.5,1.6666666666666665,0,0,0.0,0,0,0,0,,0.0,0,0,0.4328181818181818,0,0,1.0,0,0,0,0,0.0,,,1.0,0,0.0,0,0,1.0,,0,0,2,0,,0,0,,0,0,,0,,0,2,0,0.45199999999999996,0,0,,0,0,0,0,0,2,0,0,,0,3,0,0,0,0,0.0,0,0,2.5,0.0,0,0,1.25,0,0,0.0,0,,2,0,0,0,3,0,,0,0,0,0,0,0,0,0,0,0,5,0,2.5,4.999999999999999,0,0,0,0,4,0.0,0,0,0,0,0,0,0,0,0.0,0,0,0,0,0,0,,4.0,0,,0,0,0,0.0,0,,0,1,0,0,0.0,0,0,1.6666666666666667,0,0,0,5.0,5,0,0,0,0,0,0,0,0.0,0,Vanessa Davis,EMP0010
0,0,0,0,0.0,3.3333333333333335,0.0,0,0,0,0,0,0,0,0,0,0,0,0,,0,0,0,0,0,0,0,0,0,0,0,3,0.0,0,0,0,0,0,0,0,,0,,,0,0.0,0.0,0,0,0.0,0,0,,0,0,1.0,,0,0,0,0,0,0,0,,0,0,0,0,0,0,0,2.0,0,0,2.0,5.0,0.0,,0,0,3.2800000000000002,0,0,0,0,0,0,0,0,0,0.0,0,0,0,0,0.0,0,0,0.0,0,0,0.0,1.0,1.6666666666666667,0,0,0,0,0,5,0,0.0,0,0,0,,0,0,0,0,0,,0.0,2.5,0,0,5.0,6,0.0,0,0.0,0.0,0,0.0,0,0,0,4,0,0,0,0,,1.0,0.0,0.0,0,0,5.0,0,,0,0,0,0,0,0,0,0,0,0,0.0,0,0,0.0,0.0,1.0,0.0,0,0,0,0,0,0.0,0,0,0,0,0,5,1.0,0.0,0,,0,393,0,0,0.0,0,0,0,0,,0,0,0,5.0,,0,0,0,0,,0,4,0,0.0,0,0.0,5.0,0,0,0,0,0,0,0,0,1.0,,0,0,0,0.0,0,3,,,0,0,0,0,,0,0,0,1.6666666666666665,0,0,,0,,0,0,,0,,0,0,2,0,0,0,0,0,0,0,0,0,2,2.5,0,0,0,0,0,0,,,0,0,0,0,0,0,0,0,0,0,0,0.0,0,0,0,0,0,0,0,,0.0,0,0,0,0.0,0,0,0,0,0,0,0,0,0,0,0.0,1,0,0,0,0,0,0,0,0,0,0,0,0,0,0,0,0,0,0,0,0,0,5.0,,,0,0,0,0,0,0,2.8,0,0,0.0,,0,0,0,0,0,0,0,0,0,0.7608695652173914,0,,0,0,0,,0.0,0,0,0.383,0,0,,0,0,0.0,0,0,,0,,0.0,,0,0,,0.0,0,0,0,0,0.0,0,0,0,0,,0,0,0,,2.5,3.75,0.0,0,0,0.0,2,0.0,0.0,3.3333333333333335,0,0.0,,0.0,0,0,0.0,0,0,0.0,0.0,0,0.0,0,0,0.0,,0,0,0,0,0.0,0,0,0,0,0,0,0.0,0,0,0,5.0,5.0,0,0,0.0,0,0,0,0,,3.75,0,0,0.34900000000000003,0,0,0.0,0,0,0,0,0.0,,,0.0,0,,0,0,1.0,,0,0,3,0,,0,0,,0,0,,0,,0,4,0,0.514,0,0,,0,0,0,0,0,3,0,0,,0,4,0,0,0,0,1.0,0,0,0.0,0.0,0,0,5.0,0,0,0.0,0,0.0,3,0,0,0,5,0,,0,0,0,0,0,0,0,0,0,0,5,0,5.0,0.0,0,0,0,0,2,0.0,0,0,0,0,0,0,0,0,0.0,0,0,0,0,0,0,,,0,,0,0,0,0.0,0,,0,3,0,0,0.0,0,0,1.6666666666666667,0,0,0,2.5,3,0,0,0,0,0,0,0,0.0,0,Larry Hampton,EMP0011
0,0,0,0,0.0,3.3333333333333335,0.0,0,0,0,0,0,0,0,0,0,0,0,0,,0,0,0,0,0,0,0,0,0,0,0,5,0.0,0,0,0,0,0,0,0,,0,,,0,0.0,0.0,0,0,2.5,0,0,,0,0,1.0,,0,0,0,0,0,0,0,,0,0,0,0,0,0,0,2.0,0,0,4.0,2.5,0.0,,0,0,3.2800000000000002,0,0,0,0,0,0,0,0,0,0.0,0,0,0,0,0.0,0,0,0.0,0,0,0.0,0.0,1.6666666666666667,0,0,0,0,0,4,0,1.0,0,0,0,,0,0,0,0,0,,0.0,5.0,0,0,1.25,11,0.0,0,0.0,0.0,0,0.0,0,0,0,3,0,0,0,0,,0.0,0.0,0.0,0,0,2.5,0,,0,0,0,0,0,0,0,0,0,0,0.0,0,0,0.0,0.0,0.0,0.0,0,0,0,0,0,0.0,0,0,0,0,0,0,1.0,0.0,0,,0,969,0,0,0.0,0,0,0,0,,0,0,0,2.5,,0,0,0,0,,0,2,0,0.0,0,0.0,0.0,0,0,0,0,0,0,0,0,1.0,,0,0,0,0.0,0,3,,,0,0,0,0,,0,0,0,0.0,0,0,,0,,0,0,,0,,0,0,0,0,0,0,0,0,0,0,0,0,0,0.0,0,0,0,0,0,0,,,0,0,0,0,0,0,0,0,0,0,0,0.0,0,0,0,0,0,0,0,,0.0,0,0,0,1.0,0,0,0,0,0,0,0,0,0,0,0.0,1,0,0,0,0,0,0,0,0,0,0,0,0,0,0,0,0,0,0,0,0,0,0.0,,,0,0,0,0,0,1,5.6,0,0,0.0,,0,0,0,0,0,0,0,0,0,2.5,0,,0,0,0,,5.0,0,0,0.503,0,0,,0,0,0.0,0,0,,0,,0.0,,0,0,,0.0,0,0,0,0,0.0,0,0,0,0,,0,0,0,,5.0,0.0,0.0,0,0,0.0,4,0.0,0.0,0.0,0,0.0,,0.0,0,0,0.0,0,0,0.0,0.0,0,0.0,0,0,0.0,,0,0,0,0,1.0,0,0,0,0,0,0,0.0,0,0,0,2.5,0.0,0,0,0.0,0,0,0,0,,1.25,0,0,0.3436666666666667,0,0,1.0,0,0,0,0,0.0,,,0.0,0,,0,0,1.0,,0,0,2,0,,0,0,,0,0,,0,,0,4,0,0.39,0,0,,0,0,0,0,0,1,0,0,,0,2,0,0,0,0,1.0,0,0,0.0,0.0,0,0,1.25,0,0,0.0,0,0.0,2,0,0,0,5,0,,0,0,0,0,0,0,0,0,0,0,0,0,1.25,1.8181818181818175,0,0,0,0,4,0.0,0,0,0,0,0,0,0,0,0.0,0,0,0,0,0,0,,,0,,0,0,0,0.0,0,,0,2,0,0,0.0,0,0,0.0,0,0,0,5.0,5,0,0,0,0,0,0,0,0.0,0,Amanda Lowe,EMP0012
0,0,0,0,0.0,0.0,0.0,0,0,0,0,0,0,0,0,0,0,0,0,,0,0,0,0,0,0,0,0,0,0,0,1,0.0,0,0,0,0,0,0,0,,0,,,0,0.0,0.0,0,0,2.5,0,0,,0,0,0.0,,0,0,0,0,0,0,0,,0,0,0,0,0,0,0,,0,0,,2.5,0.0,,0,0,3.24,0,0,0,0,0,0,0,0,0,0.0,0,0,0,0,0.0,0,0,0.0,0,0,0.0,1.0,3.333333333333333,0,0,0,0,0,3,0,0.0,0,0,0,,0,0,0,0,0,,0.0,2.5,0,0,2.5,3,0.0,0,0.0,0.0,0,0.0,0,0,0,3,0,0,0,0,,0.0,0.0,0.0,0,0,0.0,0,,0,0,0,0,0,0,0,5,0,0,0.0,0,0,0.0,,0.0,0.0,0,0,0,0,0,0.0,0,0,0,0,0,0,0.0,0.0,0,,0,114,0,0,0.0,0,0,0,0,,0,0,0,0.0,0.0,0,0,0,0,,0,3,0,1.0,0,0.0,2.5,0,0,0,0,0,0,0,0,1.0,,0,0,0,1.0,0,1,0.0,,0,0,0,0,,0,0,0,1.6666666666666665,0,0,,0,,0,0,,0,0.0,0,0,0,0,0,0,0,0,0,0,0,0,1,0.0,0,0,0,0,0,0,,,0,0,0,0,0,0,0,0,0,0,0,0.0,0,0,0,0,0,0,0,,0.0,0,0,0,0.0,0,0,0,0,0,0,0,0,0,0,2.5,1,0,0,0,0,0,0,0,0,0,0,0,0,0,0,0,0,0,0,0,0,0,2.5,,,0,0,0,0,0,0,2.6,0,0,0.0,,0,0,0,0,0,0,0,0,0,0.0,0,3.0,0,0,0,,,0,0,0.46433333333333326,0,0,,0,0,0.0,0,0,,0,,0.0,,0,0,,0.0,0,0,0,0,0.0,0,0,0,0,,0,0,0,,3.75,3.75,0.0,0,0,0.0,1,0.0,0.0,3.3333333333333335,0,0.0,2.5,0.0,0,0,0.0,0,0,1.0,0.0,0,0.0,0,0,0.0,,0,0,0,0,1.0,0,0,0,0,0,0,0.0,0,0,0,0.0,1.6666666666666665,0,0,0.0,0,0,0,0,,1.25,0,0,0.601,0,0,0.0,0,0,0,0,0.0,,,1.0,0,,0,0,1.0,,0,0,2,0,,0,0,,0,0,,0,,0,2,0,0.43566666666666676,0,0,,0,0,0,0,0,3,0,0,,0,4,0,0,0,0,0.0,0,0,2.5,0.0,0,0,2.5,0,0,0.0,0,,1,0,0,0,5,0,,0,0,0,0,0,0,0,0,0,0,0,0,5.0,1.8181818181818175,0,0,0,0,1,0.0,0,0,0,0,0,0,0,0,0.0,0,0,0,0,0,0,,,0,,0,0,0,0.0,0,,0,1,0,0,0.0,0,0,0.0,0,0,0,5.0,5,0,0,0,0,0,0,0,0.0,0,Katelyn Fitzpatrick,EMP0013
0,0,0,0,0.0,0.0,0.0,0,0,0,0,0,0,0,0,0,0,0,0,,0,0,0,0,0,0,0,0,0,0,0,3,0.0,0,0,0,0,0,0,0,,0,,,0,0.0,0.0,0,0,2.5,0,0,,0,0,0.0,,0,0,0,0,0,0,0,,0,0,0,0,0,0,0,,0,0,,1.25,0.0,,0,0,3.2,0,0,0,0,0,0,0,0,0,0.0,0,0,0,0,0.0,0,0,0.0,0,0,0.0,1.0,5.0,0,0,0,0,0,5,0,0.0,0,0,0,,0,0,0,0,0,,0.0,2.5,0,0,2.5,6,0.0,0,0.0,1.0,0,0.0,0,0,0,3,0,0,0,0,5.0,0.0,0.0,0.0,0,0,5.0,0,,0,0,0,0,0,0,0,5,0,0,0.0,0,0,0.0,,0.0,0.0,0,0,0,0,0,0.0,0,0,0,0,0,0,0.0,0.0,0,,0,389,0,0,0.0,0,0,0,0,,0,0,0,5.0,,0,0,0,0,,0,3,0,0.0,0,0.0,2.5,0,0,0,0,0,0,0,0,1.0,,0,0,0,0.0,0,5,,,0,0,0,0,,0,0,0,0.0,0,0,,0,,0,0,0.0,0,,0,0,5,0,0,0,0,0,0,0,0,0,1,2.5,0,0,0,0,0,0,,,0,0,0,0,0,0,0,0,0,0,0,0.0,0,0,0,0,0,0,0,,0.0,0,0,0,1.0,0,0,0,0,0,0,0,0,0,0,2.5,1,0,0,0,1,0,0,0,0,0,0,0,0,0,0,0,0,0,0,0,0,0,2.5,,,0,0,0,0,0,0,4.4,0,0,0.0,,0,0,0,0,0,0,0,0,0,0.7608695652173914,0,,0,0,0,,,0,0,0.5085,0,0,,0,0,0.0,0,0,5.0,0,,0.0,,0,0,,1.0,0,0,0,0,0.0,0,0,0,0,,0,0,0,,3.75,1.25,0.0,0,0,0.0,2,0.0,1.0,1.6666666666666665,0,0.0,,0.0,0,0,0.0,0,0,0.0,0.0,0,0.0,0,0,0.0,,0,0,0,0,1.0,0,0,0,0,0,0,0.0,0,0,0,5.0,1.6666666666666665,0,0,0.0,0,0,0,0,,2.5,0,0,0.5673333333333334,0,0,0.0,0,0,0,0,1.0,,,0.0,0,,0,0,1.0,,0,0,3,0,,0,0,,0,0,,0,,0,3,0,0.364,0,0,4.0,0,0,0,0,0,1,0,0,,0,2,0,0,0,0,0.0,0,0,2.5,0.0,0,0,2.5,0,0,0.0,0,,4,0,0,0,3,0,4.0,0,0,0,0,0,0,0,0,0,0,5,0,1.25,4.090909090909091,0,0,0,0,2,0.0,0,0,0,0,0,0,0,0,0.0,0,0,0,0,0,0,,,0,,0,0,0,0.0,0,,0,4,0,0,0.0,0,0,1.6666666666666667,0,0,0,2.5,5,0,0,0,0,0,0,0,0.0,0,Norma Scott,EMP0014
0,0,0,0,0.0,0.0,1.0,0,0,0,0,0,0,0,0,0,0,0,0,,0,0,0,0,0,0,0,0,0,0,0,5,0.0,0,0,0,0,0,0,0,5.0,0,,,0,0.0,1.0,0,0,5.0,0,0,5.0,0,0,0.0,5.0,0,0,0,0,0,0,0,,0,0,0,0,0,0,0,,0,0,,2.5,0.0,,0,0,3.2800000000000002,0,0,0,0,0,0,0,0,0,0.0,0,0,0,0,0.0,0,0,0.0,0,0,0.0,0.0,1.6666666666666667,0,0,0,0,0,0,0,0.0,0,0,0,,0,0,0,0,0,,0.0,5.0,0,0,2.5,9,0.0,0,0.0,0.0,0,0.0,0,0,0,4,0,0,0,0,,0.0,0.0,1.0,0,0,2.5,0,,0,0,0,0,0,0,0,0,0,0,1.0,0,0,0.0,,0.0,0.0,0,0,0,0,0,0.0,0,0,0,0,0,5,0.0,0.0,0,,0,1776,0,0,0.0,0,0,0,0,,0,0,0,2.5,,0,0,0,0,,0,3,0,0.0,0,0.0,2.5,0,0,0,0,0,0,0,0,0.0,,0,0,0,0.0,0,3,,,0,0,0,0,,0,0,0,1.6666666666666665,0,0,,0,,0,0,,0,,0,0,0,0,0,0,0,0,0,0,0,0,3,2.5,0,0,0,0,0,0,4.0,,0,0,0,0,0,0,0,0,0,0,0,0.0,0,0,0,0,0,0,0,,0.0,0,0,0,0.0,0,0,0,0,0,0,0,0,0,0,5.0,1,0,0,0,0,0,0,0,0,0,0,0,0,0,0,0,0,0,0,0,0,0,5.0,5.0,,0,0,0,0,0,0,6.1,0,0,0.0,,0,0,0,0,0,0,0,0,0,4.891304347826086,0,,0,0,0,,,0,0,0.42750000000000005,0,0,,0,0,0.0,0,0,,0,,0.0,,0,0,,0.0,0,0,0,0,0.0,0,0,0,0,,0,0,0,,0.0,2.5,0.0,0,0,0.0,0,0.0,1.0,1.6666666666666665,0,0.0,,0.0,0,0,0.0,0,0,0.0,0.0,0,0.0,0,0,0.0,,0,0,0,0,0.0,0,0,0,0,0,0,0.0,0,0,0,2.5,1.6666666666666665,0,0,0.0,0,0,0,0,,3.75,0,0,0.3436666666666667,0,0,1.0,0,0,0,0,0.0,,,0.0,0,,0,0,1.0,,0,0,2,0,,0,0,,0,0,4.0,0,,0,4,0,0.5865,0,0,,0,0,0,0,0,3,0,0,,0,3,0,0,0,0,0.0,0,0,2.5,0.0,0,0,2.5,0,0,0.0,0,,3,0,0,0,5,0,,0,0,0,0,0,0,0,0,0,0,5,0,2.5,4.545454545454544,0,0,0,0,3,1.0,0,0,0,0,0,0,0,0,0.0,0,0,0,0,0,0,,,0,,0,0,0,0.0,0,,0,0,0,0,0.0,0,0,1.6666666666666667,0,0,0,2.5,5,0,0,0,0,0,0,0,0.0,0,David Miles,EMP0015
0,0,0,0,0.0,0.0,0.0,0,0,0,0,0,0,0,0,0,0,0,0,,0,0,0,0,0,0,0,0,0,0,0,1,1.0,0,0,0,0,0,0,0,,0,,4.0,0,0.0,0.0,0,0,2.5,0,0,,0,0,0.0,,0,0,0,0,0,0,0,,0,0,0,0,0,0,0,,0,0,,2.5,0.0,,0,0,4.38,0,0,0,0,0,0,0,0,0,0.0,0,0,0,0,0.0,0,0,0.0,0,0,0.0,0.0,1.6666666666666667,0,0,0,0,0,3,0,0.0,0,0,0,,0,0,0,0,0,,0.0,5.0,0,0,3.75,1,0.0,0,0.0,0.0,0,0.0,0,0,0,2,0,0,0,0,,0.0,0.0,0.0,0,0,2.5,0,,0,0,0,0,0,0,0,0,0,0,0.0,0,0,0.0,,0.0,0.0,0,0,0,0,0,0.0,0,0,0,0,0,0,0.0,0.0,0,,0,1277,0,0,0.0,0,0,0,0,,0,0,0,2.5,,0,0,0,0,,0,3,0,0.0,0,0.0,2.5,0,0,0,0,0,0,0,0,0.0,,0,0,0,0.0,0,3,,,0,0,0,0,,0,0,0,0.0,0,0,,0,,0,0,,0,,0,0,3,0,0,0,0,0,0,0,0,0,2,0.0,0,0,0,0,0,0,,,0,0,0,0,0,0,0,0,0,0,0,0.0,0,0,0,0,0,0,0,,0.0,0,0,0,1.0,0,0,0,0,0,0,0,0,0,0,2.5,1,0,0,0,0,0,0,0,0,0,0,0,0,0,0,0,0,0,0,0,0,0,2.5,,,0,0,0,0,0,0,4.6,0,0,0.0,4.0,0,0,0,0,0,0,0,0,0,3.478260869565217,0,,0,0,0,,,0,0,0.507,0,0,,0,0,0.0,0,0,,0,,0.0,,0,0,,0.0,0,0,0,0,1.0,0,0,0,0,,0,0,0,0.0,5.0,1.25,0.0,0,0,0.0,1,0.0,1.0,0.0,0,0.0,,0.0,0,0,1.0,0,0,0.0,0.0,0,0.0,0,0,0.0,,0,0,0,0,1.0,0,0,0,0,0,0,0.0,0,0,0,2.5,1.6666666666666665,0,0,0.0,0,0,0,0,,1.25,0,0,0.367,0,0,1.0,0,0,0,0,0.0,2.5,,0.0,0,,0,0,1.0,,0,0,2,0,,0,0,,0,0,,0,,0,3,0,0.5386111111111112,0,0,,0,0,0,0,0,2,0,0,4.999999999999999,0,2,0,0,0,0,0.0,0,0,2.5,0.0,0,0,3.75,0,0,0.0,0,,4,0,0,0,5,0,,0,0,0,0,0,0,0,0,0,0,5,0,1.25,4.545454545454544,0,0,0,0,1,1.0,0,0,0,0,0,0,0,0,0.0,0,0,0,0,0,0,,,0,,0,0,0,0.0,0,,0,2,0,0,0.0,0,0,1.6666666666666667,0,0,0,5.0,5,0,0,0,0,0,0,0,0.0,0,Joyce Lang,EMP0016
0,0,0,0,0.0,1.6666666666666665,1.0,0,0,0,0,0,0,0,0,0,0,0,0,,0,0,0,0,0,0,0,0,0,0,0,1,0.0,0,0,0,0,0,0,0,,0,,,0,0.0,0.0,0,0,0.0,0,0,,0,0,0.0,,0,0,0,0,0,0,0,,0,0,0,0,0,0,0,,0,0,,3.75,0.0,,0,0,3.2800000000000002,0,0,0,0,0,0,0,0,0,0.0,0,0,0,0,0.0,0,0,0.0,0,0,0.0,0.0,1.6666666666666667,0,0,0,0,0,3,0,0.0,0,0,0,,0,0,0,0,0,,0.0,5.0,0,0,3.75,3,0.0,0,0.0,0.0,0,0.0,0,0,0,2,0,0,0,0,,0.0,0.0,1.0,0,0,2.5,0,,0,0,0,0,0,0,0,0,0,0,0.0,0,0,0.0,,0.0,0.0,0,0,0,0,0,0.0,0,0,0,0,0,5,0.0,0.0,0,,0,854,0,0,0.0,0,0,0,0,0.0,0,0,0,2.5,,0,0,0,0,0.0,0,3,0,0.0,0,1.0,2.5,0,0,0,0,0,0,0,0,1.0,,0,0,0,0.0,0,3,,,0,0,0,0,3.0,0,0,0,3.3333333333333335,0,0,,0,,0,0,,0,,0,0,0,0,0,0,0,0,0,0,0,0,1,0.0,0,0,0,0,0,0,,,0,0,0,0,0,0,0,0,0,0,0,0.0,0,0,0,0,0,0,0,,0.0,0,0,0,0.0,0,0,0,0,0,0,0,0,0,0,0.0,1,0,0,0,0,0,0,0,0,0,0,0,0,0,0,0,0,0,0,0,0,0,2.5,,,0,0,0,0,0,0,3.6,0,0,0.0,,0,0,0,0,0,0,0,0,0,2.1739130434782603,0,,0,0,0,,,0,0,0.47616666666666657,0,0,,0,0,0.0,0,0,,0,,0.0,,0,0,,0.0,0,0,0,0,0.0,0,0,0,0,,0,0,0,,5.0,1.25,0.0,0,0,0.0,1,0.0,1.0,3.3333333333333335,0,0.0,,0.0,0,0,0.0,0,0,0.0,0.0,0,0.0,0,0,0.0,,0,0,0,0,1.0,0,0,0,0,0,0,0.0,0,0,0,2.5,1.6666666666666665,0,0,0.0,0,0,0,0,,2.5,0,0,0.3436666666666667,0,0,1.0,0,0,0,0,0.0,,0.0,0.0,0,,0,0,1.0,,0,0,4,0,,0,0,,0,0,,0,,0,3,0,0.4465,0,0,,0,0,0,0,0,4,0,0,,0,4,0,0,0,0,0.0,0,0,2.5,0.0,0,0,3.75,0,0,0.0,0,,3,0,0,0,5,0,,0,0,0,0,0,0,0,0,0,0,5,0,5.0,1.3636363636363633,0,0,0,0,1,0.0,0,0,0,0,0,0,0,0,0.0,0,0,0,0,0,0,0.0,,0,,0,0,0,0.0,0,,0,1,0,0,0.0,0,0,1.6666666666666667,0,0,0,5.0,5,0,0,0,0,0,0,0,1.0,0,Neil Flores,EMP0017
0,0,0,0,0.0,3.3333333333333335,0.0,0,0,0,0,0,0,0,0,0,0,0,0,,0,0,0,0,0,0,0,0,0,0,0,0,0.0,0,0,0,0,0,0,0,,0,,3.0,0,0.0,0.0,0,0,2.5,0,0,,0,0,0.0,,0,0,0,0,0,0,0,,0,0,0,0,0,0,0,,0,0,,2.5,0.0,,0,0,4.38,0,0,0,0,0,0,0,0,0,0.0,0,0,0,0,0.0,0,0,0.0,0,0,0.0,0.0,1.6666666666666667,0,0,0,0,0,3,0,0.0,0,0,0,,0,0,0,0,0,,0.0,5.0,0,0,0.0,7,0.0,0,0.0,0.0,0,1.0,0,0,0,2,0,0,0,0,,0.0,0.0,0.0,0,0,0.0,0,,0,0,0,0,0,0,0,5,0,0,0.0,0,0,0.0,,0.0,0.0,0,0,0,0,0,0.0,0,0,0,0,0,0,0.0,0.0,0,,0,1819,0,0,0.0,0,0,0,0,,0,0,0,0.0,,0,0,0,0,,0,3,0,0.0,0,0.0,2.5,0,0,0,0,0,0,0,0,1.0,,0,0,0,0.0,0,1,,,0,0,0,0,,0,0,0,3.3333333333333335,0,0,,0,,0,0,,0,,0,0,0,0,0,0,0,0,0,0,0,0,2,2.5,0,0,0,0,0,0,,,0,0,0,0,0,0,0,0,0,0,0,0.0,0,0,0,0,0,0,0,,0.0,0,0,0,1.0,0,0,0,0,0,0,0,0,0,0,2.5,1,0,0,0,0,0,0,0,0,0,0,0,0,0,0,0,0,0,0,0,0,0,2.5,,,0,0,0,0,0,0,8.6,0,0,0.0,3.0,0,0,0,0,0,0,0,0,0,5.0,0,,0,0,0,,,0,0,0.5254166666666666,0,0,,0,0,0.0,0,0,,0,,0.0,,0,0,,0.0,0,0,0,0,1.0,0,0,0,0,,0,0,0,0.0,3.75,1.25,0.0,0,0,0.0,1,0.0,1.0,3.3333333333333335,0,0.0,,0.0,0,0,1.0,0,0,0.0,0.0,0,0.0,0,0,0.0,,0,0,0,0,1.0,0,0,0,0,0,0,0.0,0,0,0,0.0,0.0,0,0,0.0,0,0,0,0,,3.75,0,0,0.371,0,0,1.0,0,0,0,0,0.0,0.0,,0.0,0,,0,0,1.0,,0,0,5,0,,0,0,,0,0,,0,,0,2,0,0.49016666666666664,0,0,,0,0,0,0,0,4,0,0,0.0,0,4,0,0,0,0,0.0,0,0,2.5,0.0,0,0,0.0,0,0,0.0,0,,3,0,0,0,5,0,,0,0,0,0,0,0,0,0,0,0,0,0,5.0,2.2727272727272716,0,0,0,0,3,0.0,0,0,0,0,0,0,0,0,0.0,0,0,0,0,0,0,,,0,,0,0,0,0.0,0,,0,1,0,0,0.0,0,0,0.0,0,0,0,2.5,5,0,0,0,0,0,0,0,0.0,0,Jennifer Meyer,EMP0018
0,0,0,0,0.0,0.0,1.0,0,0,0,0,0,0,0,0,0,0,0,0,,0,0,0,0,0,0,0,0,0,0,0,0,0.0,0,0,0,0,0,0,0,,0,,,0,0.0,0.0,0,0,2.5,0,0,,0,0,1.0,,0,0,0,0,0,0,0,5.0,0,0,0,0,0,0,0,,0,0,,2.5,0.0,,0,0,3.2800000000000002,0,0,0,0,0,0,0,0,0,0.0,0,0,0,0,0.0,0,0,0.0,0,0,0.0,0.0,3.333333333333333,0,0,0,0,0,5,0,0.0,0,0,0,,0,0,0,0,0,,0.0,2.5,0,0,1.25,11,0.0,0,0.0,0.0,0,0.0,0,0,0,2,0,0,0,0,,0.0,0.0,0.0,0,0,0.0,0,,0,0,0,0,0,0,0,5,0,0,0.0,0,0,0.0,,0.0,1.0,0,0,0,0,0,0.0,0,0,0,0,0,0,0.0,0.0,0,,0,1330,0,0,0.0,0,0,0,0,,0,0,0,0.0,,0,0,0,0,,0,3,0,0.0,0,0.0,0.0,0,0,0,0,0,0,0,0,1.0,,0,0,0,0.0,0,3,,,0,0,0,0,,0,0,0,3.3333333333333335,0,0,,0,4.0,0,0,,0,,0,0,2,0,0,0,0,0,0,0,0,0,2,0.0,0,0,0,0,0,0,,,0,0,0,0,0,0,0,0,0,0,0,0.0,0,0,0,0,0,0,0,,0.0,0,0,0,0.0,0,0,0,0,0,0,0,0,0,0,2.5,1,0,0,0,3,0,0,0,0,0,0,0,0,0,0,0,0,0,0,0,0,0,0.0,,,0,0,0,0,0,1,4.7,0,0,0.0,,0,0,0,0,0,0,0,0,0,3.5869565217391304,0,,0,0,0,,,0,0,0.563,0,0,,0,0,0.0,0,0,,0,,0.0,5.0,0,0,5.0,0.0,0,0,0,0,0.0,0,0,0,0,,0,0,0,,2.5,3.75,0.0,0,0,0.0,3,0.0,0.0,3.3333333333333335,0,0.0,,0.0,0,0,0.0,0,0,0.0,0.0,0,1.0,0,0,0.0,,0,0,0,0,1.0,0,0,0,0,0,0,0.0,0,0,0,0.0,1.6666666666666665,0,0,0.0,0,0,0,0,,2.5,0,0,0.41500000000000004,0,0,1.0,0,0,0,0,0.0,,,0.0,0,,0,0,1.0,,0,0,4,0,0.0,0,0,,0,0,,0,,0,2,0,0.46349999999999997,0,0,,0,0,0,0,0,3,0,0,,0,4,0,0,0,0,0.0,0,0,2.5,0.0,0,0,1.25,0,0,0.0,0,,3,0,0,0,3,0,,0,0,0,0,0,0,0,0,0,0,5,0,5.0,4.545454545454544,0,0,0,0,4,0.0,0,0,0,0,0,0,0,0,0.0,0,0,0,0,0,0,,,0,,0,0,0,0.0,0,,0,3,0,0,0.0,0,0,3.3333333333333335,0,0,0,5.0,5,0,0,0,0,0,0,0,0.0,0,Jeremiah Fernandez,EMP0019
0,0,0,0,0.0,3.3333333333333335,0.0,0,0,0,0,0,0,0,0,0,0,0,0,,0,0,0,0,0,0,0,0,0,0,0,0,0.0,0,0,0,0,0,0,0,,0,,,0,0.0,0.0,0,0,2.5,0,0,,0,0,0.0,,0,0,0,0,0,0,0,,0,0,0,0,0,0,0,,0,0,,1.25,0.0,,0,0,4.38,0,0,0,0,0,0,0,0,0,0.0,0,0,0,0,0.0,0,0,0.0,0,0,0.0,0.0,0.0,0,0,0,0,0,5,0,0.0,0,0,0,,0,0,0,0,0,,0.0,5.0,0,0,2.5,8,0.0,0,0.0,0.0,0,0.0,0,0,0,3,0,0,0,0,,0.0,1.0,0.0,0,0,2.5,0,,0,0,0,0,0,0,0,0,0,0,0.0,0,0,0.0,,1.0,0.0,0,0,0,0,0,0.0,0,0,0,0,0,5,0.0,0.0,0,,0,701,0,0,0.0,0,0,0,0,,0,0,0,2.5,5.0,0,0,0,0,,0,3,0,1.0,0,0.0,0.0,0,0,0,0,0,0,0,0,1.0,,0,0,0,0.0,0,3,0.0,,0,0,0,0,,0,0,0,1.6666666666666665,0,0,,0,,0,0,,0,0.0,0,0,0,0,0,0,0,0,0,0,0,0,0,2.5,0,0,0,0,0,0,,,0,0,0,0,0,0,0,0,0,0,0,0.0,0,0,0,0,0,0,0,,0.0,0,0,0,0.0,0,0,0,0,0,0,0,0,0,0,0.0,1,0,0,0,0,0,0,0,0,0,0,0,0,0,0,0,0,0,0,0,0,0,0.0,,,0,0,0,0,0,0,6.2,0,0,0.0,,0,0,0,0,0,0,0,0,0,1.7391304347826086,0,5.0,0,0,0,,,0,0,0.5117777777777778,0,0,,0,0,0.0,0,0,,0,,0.0,,0,0,,0.0,0,0,0,0,0.0,0,0,0,0,,0,0,0,,0.0,3.75,0.0,0,0,0.0,0,0.0,1.0,1.6666666666666665,0,0.0,2.5,0.0,0,0,0.0,0,0,1.0,0.0,0,0.0,0,0,0.0,,0,0,0,0,0.0,0,0,0,0,0,0,0.0,0,0,0,2.5,1.6666666666666665,0,0,0.0,0,0,0,0,,2.5,0,0,0.47105303030303036,0,0,1.0,0,0,0,0,0.0,,,0.0,0,,0,0,1.0,,0,0,4,0,,0,0,,0,0,,0,,0,3,0,0.3363333333333333,0,0,,0,0,0,0,0,3,0,0,,0,3,0,0,0,0,0.0,0,0,2.5,0.0,0,0,2.5,0,0,0.0,0,,4,0,0,0,5,0,,0,0,0,0,0,0,0,0,0,0,0,0,2.5,3.636363636363636,0,0,0,0,3,0.0,0,0,0,0,0,0,0,0,0.0,0,0,0,0,0,0,,,0,,0,0,0,0.0,0,,0,2,0,0,0.0,0,0,0.0,0,0,0,2.5,5,0,0,0,0,0,0,0,0.0,0,Mrs. Kathryn Campbell,EMP0020
0,0,0,0,0.0,0.0,0.0,0,0,0,0,0,0,0,0,0,0,0,0,,0,0,0,0,0,0,0,0,0,0,0,0,0.0,0,0,0,0,0,0,0,,0,,,0,0.0,0.0,0,0,2.5,0,0,,0,0,1.0,,0,0,0,0,0,0,0,,0,0,0,0,0,0,0,,0,0,,3.75,0.0,,0,0,4.38,0,0,0,0,0,0,0,0,0,0.0,0,0,0,0,0.0,0,0,0.0,0,0,0.0,1.0,1.6666666666666667,0,0,0,0,0,2,0,0.0,0,0,0,,0,0,0,0,0,,0.0,2.5,0,0,2.5,10,0.0,0,0.0,0.0,0,0.0,0,0,0,3,0,0,0,0,,0.0,0.0,0.0,0,0,5.0,0,,0,0,0,0,0,0,0,0,0,0,0.0,0,0,0.0,,0.0,0.0,0,0,0,0,0,0.0,0,0,0,0,0,0,0.0,0.0,0,,0,266,0,0,0.0,0,0,0,0,,0,0,0,5.0,2.5,0,0,0,0,,0,3,0,1.0,0,0.0,2.5,0,0,0,0,0,0,0,0,1.0,,0,0,0,0.0,0,5,0.0,,0,0,0,0,,0,0,0,0.0,0,0,,0,,0,0,,0,0.0,0,0,0,0,0,0,0,0,0,0,0,0,3,0.0,0,0,0,0,0,0,,,0,0,0,0,0,0,0,0,0,0,0,0.0,0,0,0,0,0,0,0,,0.0,0,0,0,1.0,0,0,0,0,0,0,0,0,0,0,2.5,1,0,0,0,1,0,0,0,0,0,0,0,0,0,0,0,0,0,0,0,0,0,2.5,,,0,0,0,0,0,0,3.7,0,0,0.0,,0,0,0,0,0,0,0,0,0,0.43478260869565216,0,2.0,0,0,0,,,0,0,0.5525555555555556,0,0,,0,0,0.0,0,0,,0,,0.0,,0,0,,0.0,0,0,0,0,0.0,0,0,0,0,,0,0,0,,2.5,1.25,0.0,0,0,0.0,4,0.0,0.0,1.6666666666666665,0,0.0,2.5,0.0,0,0,0.0,0,0,1.0,0.0,0,0.0,0,0,0.0,,0,0,0,0,0.0,0,0,0,0,0,0,0.0,0,0,0,5.0,1.6666666666666665,0,0,0.0,0,0,0,0,,2.5,0,0,0.37881818181818183,0,0,0.0,0,0,0,0,0.0,,,0.0,0,,0,0,1.0,,0,0,2,0,,0,0,,0,0,,0,,0,3,0,0.4216666666666667,0,0,,0,0,0,0,0,3,0,0,,0,2,0,0,0,0,0.0,0,0,2.5,0.0,0,0,2.5,0,0,0.0,0,,3,0,0,0,5,0,,0,0,0,0,0,0,0,0,0,0,0,0,1.25,1.8181818181818175,0,0,0,0,4,0.0,0,0,0,0,0,0,0,0,1.0,0,0,0,0,0,0,,,0,,0,0,0,0.0,0,,0,2,0,0,0.0,0,0,0.0,0,0,0,5.0,5,0,0,0,0,0,0,0,0.0,0,Joseph Johnson,EMP0021
0,0,0,0,0.0,0.0,1.0,0,0,0,0,0,0,0,0,0,0,0,0,,0,0,0,0,0,0,0,0,0,0,0,5,0.0,0,0,0,0,0,0,0,,0,,,0,0.0,0.0,0,0,2.5,0,0,,0,0,0.0,,0,0,0,0,0,0,0,2.5,0,0,0,0,0,0,0,,0,0,,1.25,1.0,,0,0,3.2800000000000002,0,0,0,0,0,0,0,0,0,0.0,0,0,0,0,0.0,0,0,0.0,0,0,0.0,1.0,1.6666666666666667,0,0,0,0,0,0,0,0.0,0,0,0,,0,0,0,0,0,,0.0,5.0,0,0,2.5,1,0.0,0,0.0,0.0,0,0.0,0,0,0,4,0,0,0,0,,0.0,0.0,0.0,0,0,5.0,0,,0,0,0,0,0,0,0,0,0,0,0.0,0,0,0.0,,0.0,0.0,0,0,0,0,0,0.0,0,0,0,0,0,0,0.0,0.0,0,,0,189,0,0,0.0,0,0,0,0,,0,0,0,5.0,,0,0,0,0,,0,4,0,0.0,0,0.0,5.0,0,0,0,0,0,0,0,0,0.0,,0,0,0,0.0,0,3,,,0,0,0,0,,0,0,0,3.3333333333333335,0,0,,0,3.0,0,0,,0,,0,0,0,0,0,0,0,0,0,0,0,0,2,0.0,0,0,0,0,0,0,,,0,0,0,0,0,0,0,0,0,0,0,0.0,0,0,0,0,0,0,0,,0.0,0,0,0,0.0,0,0,0,0,0,0,0,0,0,0,5.0,1,0,0,0,0,0,0,0,0,0,0,0,0,0,0,0,0,0,0,0,0,0,5.0,,,0,0,0,0,0,0,5.4,0,0,0.0,,0,0,0,0,0,0,0,0,0,0.2173913043478261,0,,0,0,0,,,0,0,0.369,0,0,,0,0,0.0,0,0,,0,,0.0,2.5,0,0,2.5,0.0,0,0,0,0,0.0,0,0,0,0,,0,0,0,,1.2500000000000002,1.25,0.0,0,0,0.0,4,0.0,1.0,5.0,0,0.0,,0.0,0,0,0.0,0,0,0.0,0.0,0,1.0,0,0,0.0,,0,0,0,0,1.0,0,0,0,0,0,0,0.0,0,0,0,5.0,1.6666666666666665,0,0,0.0,0,0,0,0,,0.0,0,0,0.46481818181818185,0,0,0.0,0,0,0,0,0.0,,,0.0,0,,0,0,1.0,,0,0,4,0,0.0,0,0,,0,0,,0,,0,3,0,0.388,0,0,,0,0,0,0,0,2,0,0,,0,5,0,0,0,0,0.0,0,0,2.5,0.0,0,0,2.5,0,0,0.0,0,,4,0,0,0,5,0,,0,0,0,0,0,0,0,0,0,0,5,0,5.0,3.1818181818181817,0,0,0,0,1,1.0,0,0,0,0,0,0,0,0,0.0,0,0,0,0,0,0,,,0,,0,0,0,0.0,0,,0,1,0,0,0.0,0,0,5.0,0,0,0,5.0,5,0,0,0,0,0,0,0,0.0,0,Shane Griffith,EMP0022
0,0,0,0,0.0,0.0,0.0,0,0,0,0,0,0,0,0,0,0,0,0,,0,0,0,0,0,0,0,0,0,0,0,5,0.0,0,0,0,0,0,0,0,0.0,0,,,0,0.0,1.0,0,0,0.0,0,0,0.0,0,0,0.0,0.0,0,0,0,0,0,0,0,,0,0,0,0,0,0,0,,0,0,,2.5,0.0,,0,0,3.2800000000000002,0,0,0,0,0,0,0,0,0,0.0,0,0,0,0,0.0,0,0,0.0,0,0,0.0,1.0,1.6666666666666667,0,0,0,0,0,4,0,0.0,0,0,0,,0,0,0,0,0,,0.0,5.0,0,0,0.0,3,0.0,0,0.0,0.0,0,0.0,0,0,0,2,0,0,0,0,,0.0,0.0,1.0,0,0,0.0,0,,0,0,0,0,0,0,0,0,0,0,0.0,0,0,0.0,,0.0,0.0,0,0,0,0,0,0.0,0,0,0,0,0,5,0.0,0.0,0,,0,840,0,0,0.0,0,0,0,0,,0,0,0,0.0,,0,0,0,0,,0,3,0,0.0,0,0.0,0.0,0,0,0,0,0,0,0,0,1.0,,0,0,0,0.0,0,3,,,0,0,0,0,,0,0,0,1.6666666666666665,0,0,,0,,0,0,,0,,0,0,0,0,0,0,0,0,0,0,0,0,2,2.5,0,0,0,0,0,0,2.0,,0,0,0,0,0,0,0,0,0,0,0,0.0,0,0,0,0,0,0,0,,0.0,0,0,0,0.0,0,0,0,0,0,0,0,0,0,0,2.5,1,0,0,0,0,0,0,0,0,0,0,0,0,0,0,0,0,0,0,0,0,0,0.0,3.333333333333333,,0,0,0,0,0,0,6.1,0,0,0.0,,0,0,0,0,0,0,0,0,0,2.1739130434782603,0,,0,0,0,,,0,0,0.46266666666666667,0,0,,0,0,0.0,0,0,,0,,0.0,,0,0,,0.0,0,0,0,0,0.0,0,0,0,0,,0,0,0,,1.2500000000000002,5.0,0.0,0,0,0.0,1,0.0,1.0,1.6666666666666665,0,0.0,,0.0,0,0,0.0,0,0,0.0,0.0,0,0.0,0,0,1.0,,0,0,0,0,1.0,0,0,0,0,0,0,0.0,0,0,0,0.0,1.6666666666666665,0,0,0.0,0,0,0,0,,2.5,0,0,0.595,0,0,0.0,0,0,0,0,0.0,,,0.0,0,,0,0,1.0,,0,0,2,0,,0,0,,0,0,3.0,0,,0,3,0,0.49050000000000005,0,0,,0,0,0,0,0,4,0,0,,0,3,0,0,0,0,0.0,0,0,2.5,0.0,0,0,0.0,0,0,0.0,0,,4,0,0,0,5,0,,0,0,0,0,0,0,0,0,0,0,5,0,2.5,1.3636363636363633,0,0,0,0,1,0.0,0,0,0,0,0,0,0,0,0.0,0,0,0,0,0,0,,,0,,0,0,0,0.0,0,,0,2,0,0,0.0,0,0,3.3333333333333335,0,0,0,2.5,5,0,0,0,0,0,0,0,0.0,0,Jennifer King,EMP0023
0,0,0,0,0.0,3.3333333333333335,1.0,0,0,0,0,0,0,0,0,0,0,0,0,,0,0,0,0,0,0,0,0,0,0,0,1,0.0,0,0,0,0,0,0,0,,0,0.0,,0,0.0,0.0,0,0,0.0,0,0,,0,0,1.0,,0,0,0,0,0,0,0,,0,0,0,0,0,0,0,,0,0,,3.75,0.0,,0,0,3.19,0,0,0,0,0,0,0,0,0,0.0,0,0,0,0,0.0,0,0,0.0,0,0,0.0,0.0,3.333333333333333,0,0,0,0,0,3,0,0.0,0,0,0,2.0,0,0,0,0,0,5.0,0.0,5.0,0,0,3.75,12,0.0,0,0.0,0.0,0,0.0,0,0,0,3,0,0,0,0,,0.0,0.0,0.0,0,0,2.5,0,,0,0,0,0,0,0,0,0,0,0,0.0,0,0,0.0,,1.0,0.0,0,0,0,0,0,0.0,0,0,0,0,0,0,0.0,0.0,0,,0,566,0,0,1.0,0,0,0,0,,0,0,0,2.5,,0,0,0,0,,0,3,0,0.0,0,0.0,5.0,0,0,0,0,0,0,0,0,0.0,,0,0,0,0.0,0,1,,4.0,0,0,0,0,,0,0,0,1.6666666666666665,0,0,,0,,0,0,,0,,0,0,5,0,0,0,0,0,0,0,0,0,1,2.5,0,0,0,0,0,0,,,0,0,0,0,0,0,0,0,0,0,0,0.0,0,0,0,0,0,0,0,,0.0,0,0,0,0.0,0,0,0,0,0,0,0,0,0,0,0.0,1,0,0,0,1,0,0,0,0,0,0,0,0,0,0,0,0,0,0,0,0,0,5.0,,,0,0,0,0,0,0,3.8,0,0,0.0,,0,0,0,0,0,0,0,0,0,1.3043478260869565,0,,0,0,0,,,0,0,0.7302500000000001,0,0,,0,0,0.0,0,0,,0,,1.0,,0,0,,0.0,0,0,0,0,0.0,0,0,0,0,,0,0,0,,0.0,1.25,0.0,0,0,0.0,4,0.0,0.0,3.3333333333333335,0,0.0,,0.0,0,0,0.0,0,0,0.0,1.0,0,0.0,0,0,0.0,,0,0,0,0,0.0,0,0,0,0,0,0,0.0,0,0,0,2.5,1.6666666666666665,0,0,0.0,0,0,0,0,0.0,3.75,0,0,0.38466666666666666,0,0,1.0,0,0,0,0,0.0,,,0.0,0,,0,0,1.0,,0,0,2,0,,0,0,,0,0,,0,,0,4,0,0.368,0,0,,0,0,0,0,0,2,0,0,,0,5,0,0,0,0,0.0,0,0,5.0,0.0,0,0,3.75,0,0,0.0,0,,4,0,0,0,5,0,,0,0,0,0,0,0,0,0,0,0,5,0,5.0,3.1818181818181817,0,0,0,0,4,1.0,0,0,0,0,0,0,0,0,0.0,0,0,0,0,0,0,,,0,,0,0,0,0.0,0,,0,4,0,0,0.0,0,0,1.6666666666666667,0,0,0,2.5,5,0,0,0,0,0,0,0,0.0,0,Mark Garza,EMP0024
0,0,0,0,0.0,5.0,1.0,0,0,0,0,0,0,0,0,0,0,0,0,,0,0,0,0,0,0,0,0,0,0,0,0,0.0,0,0,0,0,0,0,0,,0,,,0,0.0,0.0,0,0,0.0,0,0,,0,0,0.0,,0,0,0,0,0,0,0,,0,0,0,0,0,0,0,,0,0,,2.5,0.0,,0,0,3.2800000000000002,0,0,0,0,0,0,0,0,0,0.0,0,0,0,0,1.0,0,0,0.0,0,0,0.0,0.0,0.0,0,0,0,0,0,5,0,0.0,0,0,0,,0,0,0,0,0,,0.0,0.0,0,0,3.75,1,0.0,0,0.0,0.0,0,0.0,0,0,0,4,0,0,0,0,,0.0,0.0,0.0,0,0,5.0,0,,0,0,0,0,0,0,0,0,0,0,0.0,0,0,0.0,,0.0,0.0,0,0,0,0,0,0.0,0,0,0,0,0,0,0.0,0.0,0,,0,181,0,0,0.0,0,0,0,0,,0,0,0,5.0,,0,0,0,0,,0,3,0,0.0,0,0.0,5.0,0,0,0,0,0,0,0,0,1.0,2.0,0,0,0,0.0,0,3,,,0,0,0,0,,0,0,0,0.0,0,0,,0,,0,0,,0,,0,0,5,0,0,0,0,0,0,0,0,0,1,2.5,0,0,0,0,0,0,,2.5,0,0,0,0,0,0,0,0,0,0,0,0.0,0,0,0,0,0,0,0,,1.0,0,0,0,0.0,0,0,0,0,0,0,0,0,0,0,0.0,1,0,0,0,0,0,0,0,0,0,0,0,0,0,0,0,0,0,0,0,0,0,5.0,,,0,0,0,0,0,0,3.0,0,0,0.0,,0,0,0,0,0,0,0,0,0,0.2173913043478261,0,,0,0,0,,,0,0,0.4661666666666666,0,0,,0,0,0.0,0,0,,0,,0.0,,0,0,,0.0,0,0,0,0,0.0,0,0,0,0,,0,0,0,,5.0,2.5,0.0,0,0,0.0,3,0.0,1.0,1.6666666666666665,0,0.0,,0.0,0,0,0.0,0,0,0.0,0.0,0,0.0,0,0,0.0,,0,0,0,0,1.0,0,0,0,0,0,0,0.0,0,0,0,5.0,1.6666666666666665,0,0,0.0,0,0,0,0,,3.75,0,0,0.319,0,0,1.0,0,0,0,0,0.0,,,0.0,0,,0,0,1.0,,0,0,1,0,,0,0,,0,0,,0,1.0,0,4,0,0.391,0,0,,0,0,0,0,0,1,0,0,,0,3,0,0,0,0,1.0,0,0,2.5,0.0,0,0,3.75,0,0,0.0,0,,4,0,0,0,5,0,,0,0,0,0,0,0,0,0,0,0,0,0,2.5,0.9090909090909092,0,0,0,0,1,0.0,0,0,0,0,0,0,0,0,0.0,0,0,0,0,0,0,,,0,0.0,0,0,0,0.0,0,2.5,0,4,0,0,0.0,0,0,0.0,0,0,0,2.5,1,0,0,0,0,0,0,0,0.0,0,Hannah Flynn,EMP0025
0,0,0,0,1.0,3.3333333333333335,1.0,0,0,0,0,0,0,0,0,0,0,0,0,,0,0,0,0,0,0,0,0,0,0,0,1,0.0,0,0,0,0,0,0,0,,0,,,0,0.0,0.0,0,0,0.0,0,0,,0,0,1.0,,0,0,0,0,0,0,0,,0,0,0,0,0,0,0,,0,0,,1.25,0.0,0.0,0,0,3.2800000000000002,0,0,0,0,0,0,0,0,0,0.0,0,0,0,0,0.0,0,0,0.0,0,0,0.0,0.0,5.0,0,0,0,0,0,3,0,0.0,0,0,0,,0,0,0,0,0,,0.0,2.5,0,0,2.5,6,0.0,0,0.0,0.0,0,0.0,0,0,0,4,0,0,0,0,,0.0,0.0,1.0,0,0,2.5,0,,0,0,0,0,0,0,0,5,0,0,0.0,0,0,0.0,,0.0,0.0,0,0,0,0,0,0.0,0,0,0,0,0,0,0.0,0.0,0,2.5,0,746,0,0,0.0,0,0,0,0,,0,0,0,0.0,,0,0,0,0,,0,2,0,0.0,0,0.0,0.0,0,0,0,0,0,0,0,0,1.0,,0,0,0,0.0,0,1,,,0,0,0,0,,0,0,0,0.0,0,0,,0,,0,0,,0,,0,0,3,0,0,0,0,0,0,0,0,0,1,0.0,0,0,0,0,0,0,,,0,0,0,0,0,0,0,0,0,0,0,0.0,0,0,0,0,0,0,0,0.0,0.0,0,0,0,0.0,0,0,0,0,0,0,0,0,0,0,0.0,1,0,0,0,3,0,0,0,0,0,0,0,0,0,0,0,0,0,0,0,0,0,0.0,,,0,0,0,0,0,0,2.8,0,0,0.0,,0,0,0,0,0,0,0,0,0,1.8478260869565217,0,,0,0,0,,,0,0,0.542,0,0,0.0,0,0,0.0,0,0,,0,,0.0,,0,0,,0.0,0,0,0,0,0.0,0,0,0,0,,0,0,0,,5.0,2.5,0.0,0,0,0.0,4,0.0,0.0,0.0,0,0.0,,0.0,0,0,0.0,0,0,0.0,0.0,0,0.0,0,0,0.0,,0,0,0,0,1.0,0,0,0,0,0,0,1.0,0,0,0,0.0,1.6666666666666665,0,0,0.0,0,0,0,0,,2.5,0,0,0.6243333333333333,0,0,1.0,0,0,0,0,0.0,,,0.0,0,5.0,0,0,1.0,,0,0,2,0,,0,0,,0,0,,0,,0,4,0,0.39133333333333337,0,0,,0,0,0,0,0,1,0,0,,0,2,0,0,0,0,0.0,0,0,2.5,0.0,0,0,3.75,0,0,0.0,0,,3,0,0,0,3,0,,0,0,0,0,0,0,0,0,0,0,0,0,1.25,2.2727272727272716,0,0,0,0,2,0.0,0,0,0,0,0,0,0,0,0.0,0,0,0,0,0,0,,2.4000000000000004,0,,0,0,0,0.0,0,,0,3,0,0,0.0,0,0,3.3333333333333335,0,0,0,5.0,5,0,0,0,0,0,0,0,0.0,0,Mrs. Judy Scott MD,EMP0026
0,0,0,0,0.0,5.0,0.0,0,0,0,0,0,0,0,0,0,0,0,0,,0,0,0,0,0,0,0,0,0,0,0,1,0.0,0,0,0,0,0,0,0,,0,,,0,0.0,0.0,0,0,5.0,0,0,,0,0,0.0,,0,0,0,0,0,0,0,,0,0,0,0,0,0,0,,0,0,,2.5,0.0,,0,0,3.21,0,0,0,0,0,0,0,0,0,0.0,0,0,0,0,0.0,0,0,0.0,0,0,0.0,0.0,5.0,0,0,0,0,0,4,0,0.0,0,0,0,,0,0,0,0,0,,0.0,0.0,0,0,2.5,12,0.0,0,0.0,0.0,0,0.0,0,0,0,3,0,0,0,0,,0.0,0.0,0.0,0,0,2.5,0,,0,0,0,0,0,0,0,5,0,0,0.0,0,0,0.0,,0.0,0.0,0,0,0,0,0,0.0,0,0,0,0,0,0,0.0,0.0,0,,0,1657,0,0,0.0,0,0,0,0,,0,0,0,0.0,5.0,0,0,0,0,,0,3,0,1.0,0,0.0,0.0,0,0,0,0,0,0,0,0,1.0,,0,0,0,1.0,0,1,0.0,,0,0,0,0,,0,0,0,1.6666666666666665,0,0,,0,,0,0,,0,0.0,0,0,0,0,0,0,0,0,0,0,0,0,2,0.0,0,0,0,0,0,0,,,0,0,0,0,0,0,0,0,0,0,0,0.0,0,0,0,0,0,0,0,,0.0,0,0,0,0.0,0,0,0,0,0,0,0,0,0,0,5.0,1,0,0,0,3,0,0,0,0,0,0,0,0,0,0,0,0,0,0,0,0,0,0.0,,,0,0,0,0,0,0,6.9,0,0,0.0,,0,0,0,0,0,0,0,0,0,4.565217391304348,0,1.0,0,0,0,,,0,0,0.62725,0,0,,0,0,0.0,0,0,,0,,0.0,,0,0,,0.0,0,0,0,0,0.0,0,0,0,0,,0,0,0,,2.5,2.5,0.0,0,0,0.0,0,0.0,0.0,1.6666666666666665,0,0.0,0.0,0.0,0,0,0.0,0,0,1.0,0.0,0,0.0,0,0,0.0,,0,0,0,0,1.0,0,0,0,0,0,0,0.0,0,0,0,0.0,1.6666666666666665,0,0,0.0,0,0,0,0,,1.25,0,0,0.41983333333333334,0,0,1.0,0,0,0,0,0.0,,,1.0,0,,0,0,1.0,,0,0,2,0,,0,0,,0,0,,0,,0,5,0,0.6035,0,0,,0,0,0,0,0,4,0,0,,0,3,0,0,0,0,0.0,0,0,2.5,0.0,0,0,3.75,0,0,0.0,0,,3,0,0,0,5,0,,0,0,0,0,0,0,0,0,0,0,5,0,2.5,1.3636363636363633,0,0,0,0,4,0.0,0,0,0,0,0,0,0,0,0.0,0,0,0,0,0,0,,,0,,0,0,0,0.0,0,,0,1,0,0,0.0,0,0,3.3333333333333335,0,0,0,5.0,5,0,0,0,0,0,0,0,0.0,0,Tammy Fisher,EMP0027
0,0,0,0,0.0,5.0,1.0,0,0,0,0,0,0,0,0,0,0,0,0,,0,0,0,0,0,0,0,0,0,0,0,3,0.0,0,0,0,0,0,0,0,,0,,,0,0.0,0.0,0,0,0.0,0,0,,0,0,0.0,,0,0,0,0,0,0,0,,0,0,0,0,0,0,0,,0,0,,2.5,0.0,2.5,0,0,3.2800000000000002,0,0,0,0,0,0,0,0,0,0.0,0,0,0,0,0.0,0,0,0.0,0,0,0.0,0.0,3.333333333333333,0,0,0,0,0,3,0,0.0,0,0,0,,0,0,0,0,0,,0.0,5.0,0,0,1.25,4,0.0,0,0.0,0.0,0,0.0,0,0,0,3,0,0,0,0,,0.0,0.0,1.0,0,0,2.5,0,,0,0,0,0,0,0,0,5,0,0,0.0,0,0,0.0,,1.0,0.0,0,0,0,0,0,0.0,0,0,0,0,0,0,0.0,0.0,0,0.0,0,1542,0,0,0.0,0,0,0,0,,0,0,0,2.5,,0,0,0,0,,0,3,0,0.0,0,0.0,2.5,0,0,0,0,0,0,0,0,1.0,,0,0,0,0.0,0,3,,,0,0,0,0,,0,0,0,1.6666666666666665,0,0,,0,,0,0,,0,,0,0,3,0,0,0,0,0,0,0,0,0,1,0.0,0,0,0,0,0,0,,,0,0,0,0,0,0,0,0,0,0,0,0.0,0,0,0,0,0,0,0,2.5,0.0,0,0,0,0.0,0,0,0,0,0,0,0,0,0,0,0.0,1,0,0,0,0,0,0,0,0,0,0,0,0,0,0,0,0,0,0,0,0,0,2.5,,,0,0,0,0,0,0,4.5,0,0,0.0,,0,0,0,0,0,0,0,0,0,4.239130434782608,0,,0,0,0,,,0,0,0.5195000000000001,0,0,2.5,0,0,0.0,0,0,,0,,0.0,,0,0,,0.0,0,0,0,0,0.0,0,0,0,0,,0,0,0,,1.2500000000000002,3.75,0.0,0,0,0.0,4,0.0,1.0,0.0,0,0.0,,0.0,0,0,0.0,0,0,0.0,0.0,0,0.0,0,0,0.0,,0,0,0,0,0.0,0,0,0,0,0,0,1.0,0,0,0,2.5,1.6666666666666665,0,0,0.0,0,0,0,0,,1.25,0,0,0.45483333333333337,0,0,1.0,0,0,0,0,0.0,,,0.0,0,0.0,0,0,1.0,,0,0,3,0,,0,0,,0,0,,0,,0,4,0,0.4685,0,0,,0,0,0,0,0,3,0,0,,0,2,0,0,0,0,0.0,0,0,2.5,0.0,0,0,1.25,0,0,0.0,0,,2,0,0,0,5,0,,0,0,0,0,0,0,0,0,0,0,5,0,1.25,2.7272727272727266,0,0,0,0,2,0.0,0,0,0,0,0,0,0,0,0.0,0,0,0,0,0,0,,2.5999999999999996,0,,0,0,0,0.0,0,,0,3,0,0,1.0,0,0,3.3333333333333335,0,0,0,5.0,5,0,0,0,0,0,0,0,0.0,0,Travis Flynn,EMP0028
0,0,0,0,0.0,0.0,0.0,0,0,0,0,0,0,0,0,0,0,0,0,,0,0,0,0,0,0,0,0,0,0,0,3,0.0,0,0,0,0,0,0,0,,0,,,0,0.0,0.0,0,0,5.0,0,0,,0,0,0.0,,0,0,0,0,0,0,0,,0,0,0,0,0,0,0,,0,0,,3.75,0.0,,0,0,3.2800000000000002,0,0,0,0,0,0,0,0,0,0.0,0,0,0,0,0.0,0,0,0.0,0,0,0.0,0.0,5.0,0,0,0,0,0,4,0,0.0,0,0,0,,0,0,0,0,0,,1.0,5.0,0,0,2.5,5,0.0,0,0.0,0.0,0,0.0,0,0,0,2,0,0,0,0,,0.0,0.0,1.0,0,0,0.0,0,,0,0,0,0,0,0,0,5,0,0,0.0,0,0,0.0,,0.0,0.0,0,0,0,0,0,0.0,0,0,0,0,0,5,0.0,0.0,0,,0,804,0,0,0.0,0,0,0,0,,0,0,0,0.0,,0,0,0,0,,0,3,0,0.0,0,0.0,0.0,0,0,0,0,0,0,0,0,1.0,,0,0,0,0.0,0,3,,,0,0,0,0,,0,0,0,1.6666666666666665,0,0,,0,,0,0,,0,,0,0,5,0,0,0,0,0,0,0,0,0,3,2.5,0,0,0,0,0,0,,,0,0,0,0,0,0,0,0,0,0,0,0.0,0,0,0,0,0,0,0,,0.0,0,0,0,0.0,0,0,0,0,0,0,0,0,0,0,5.0,1,0,0,0,5,0,0,0,0,0,0,0,0,0,0,0,0,0,0,0,0,0,0.0,,2.0,0,0,0,0,0,0,6.3,0,0,0.0,,0,0,0,0,0,0,0,0,0,2.0652173913043477,0,,0,0,0,,,0,0,0.5535,0,0,,0,0,0.0,0,0,,0,0.0,0.0,,0,0,,0.0,0,0,0,0,0.0,0,0,0,0,0.0,0,0,0,,2.5,3.75,0.0,0,0,0.0,1,0.0,1.0,3.3333333333333335,0,0.0,,0.0,0,0,0.0,0,0,0.0,0.0,0,0.0,0,0,0.0,4.0,0,0,0,0,0.0,0,0,0,0,0,0,0.0,0,0,0,0.0,1.6666666666666665,0,0,0.0,0,0,0,0,,2.5,0,0,0.6415,0,0,1.0,0,0,0,0,0.0,,,0.0,0,,0,0,1.0,5.0,0,0,2,0,,0,0,,0,0,,0,,0,2,0,0.5015,0,0,,0,0,0,0,0,3,0,0,,0,4,0,0,0,0,0.0,0,0,2.5,0.0,0,0,2.5,0,0,0.0,0,,3,0,0,0,5,0,,0,0,0,0,0,0,0,0,0,0,0,0,5.0,1.3636363636363633,0,0,0,0,2,0.0,0,0,0,0,0,0,0,0,0.0,0,0,0,0,0,0,,,0,,0,0,0,0.0,0,,0,4,0,0,0.0,0,0,0.0,0,0,0,2.5,5,0,0,0,0,0,0,0,0.0,0,Julie Ramos,EMP0029
0,0,0,0,0.0,3.3333333333333335,0.0,0,0,0,0,0,0,0,0,0,0,0,0,3.0,0,0,0,0,0,0,0,0,0,0,0,3,0.0,0,0,0,0,0,0,0,,0,,,0,0.0,0.0,0,0,2.5,0,0,,0,0,1.0,,0,0,0,0,0,0,0,,0,0,0,0,0,0,0,,0,0,,2.5,0.0,,0,0,3.2800000000000002,0,0,0,0,0,0,0,0,0,0.0,0,0,0,0,0.0,0,0,0.0,0,0,0.0,1.0,1.6666666666666667,0,0,0,0,0,5,0,0.0,0,0,0,,0,0,0,0,0,,0.0,5.0,0,0,2.5,2,0.0,0,0.0,0.0,0,0.0,0,0,0,3,0,0,0,0,,0.0,0.0,1.0,0,0,2.5,0,5.0,0,0,0,0,0,0,0,0,0,0,0.0,0,0,0.0,,0.0,0.0,0,0,0,0,0,0.0,0,0,0,0,0,5,0.0,0.0,0,,0,1234,0,0,0.0,0,0,0,0,,0,0,0,2.5,,0,0,0,0,,0,3,0,0.0,0,0.0,2.5,0,0,0,0,0,0,0,0,1.0,,0,0,0,0.0,0,3,,,0,0,0,0,,0,0,0,0.0,0,0,5.0,0,,0,0,,0,,0,0,2,0,0,0,0,0,0,0,0,0,3,2.5,0,0,0,0,0,0,,,0,0,0,0,0,0,0,0,0,0,0,0.0,0,0,0,0,0,0,0,,0.0,0,0,0,0.0,0,0,0,0,0,0,0,0,0,0,2.5,1,0,0,0,0,0,0,0,0,0,0,0,0,0,0,0,0,0,0,0,0,0,2.5,,,0,0,0,0,0,0,8.0,0,0,0.0,,0,0,0,0,0,0,0,0,0,3.2608695652173907,0,,0,0,0,5.0,,0,0,0.49675,0,0,,0,0,0.0,0,0,,0,,0.0,,0,0,,0.0,0,0,0,0,0.0,0,0,0,0,,0,0,0,,3.75,2.5,0.0,0,0,1.0,3,0.0,0.0,0.0,0,0.0,,0.0,0,0,0.0,0,0,0.0,0.0,0,0.0,0,0,0.0,,0,0,0,0,0.0,0,0,0,0,0,0,0.0,0,0,0,2.5,1.6666666666666665,0,0,0.0,0,0,0,0,,3.75,0,0,0.596,0,0,0.0,0,0,0,0,0.0,,,0.0,0,,0,0,1.0,,0,0,2,0,,0,0,5.0,0,0,,0,,0,3,0,0.6545,0,0,,0,0,0,0,0,3,0,0,,0,2,0,0,0,0,0.0,0,0,2.5,1.0,0,0,2.5,0,0,0.0,0,,3,0,0,0,5,0,,0,0,0,0,0,0,0,0,0,0,0,0,1.25,4.999999999999999,0,0,0,0,1,0.0,0,0,0,0,0,0,0,0,0.0,0,0,0,0,0,0,,,0,,0,0,0,0.0,0,,0,3,0,0,0.0,0,0,0.0,0,0,0,2.5,5,0,0,0,0,0,0,0,0.0,0,Connie Bradley,EMP0030
0,0,0,0,0.0,1.6666666666666665,0.0,0,0,0,0,0,0,0,0,0,0,0,0,,0,0,0,0,0,0,0,0,0,0,0,1,0.0,0,0,0,0,0,0,0,,0,,,0,0.0,0.0,0,0,2.5,0,0,,0,0,0.0,,0,0,0,0,0,0,0,,0,0,0,0,0,0,0,,0,0,,2.5,0.0,,0,0,3.21,0,0,0,0,0,0,0,0,0,0.0,0,0,0,0,0.0,0,0,1.0,0,0,0.0,0.0,1.6666666666666667,0,0,0,0,0,0,0,0.0,0,0,0,,0,0,0,0,0,,0.0,2.5,0,0,3.75,2,0.0,0,0.0,0.0,0,0.0,0,0,0,3,0,0,0,0,,0.0,0.0,0.0,0,0,2.5,0,,0,0,0,0,0,0,0,0,0,0,0.0,0,0,0.0,,0.0,0.0,0,0,0,0,0,0.0,0,0,0,0,0,0,0.0,0.0,0,,0,1619,0,0,0.0,0,0,0,0,,0,0,0,2.5,0.0,0,0,0,0,,0,3,0,1.0,0,0.0,0.0,0,0,0,0,0,0,0,0,1.0,,0,0,0,0.0,0,3,0.0,,0,0,0,0,,0,0,0,0.0,0,0,,0,,0,0,,0,0.0,0,0,5,0,0,0,0,0,0,0,0,0,3,2.5,0,0,0,0,0,0,,,0,0,0,0,0,0,0,0,0,0,0,0.0,0,0,0,0,0,0,0,,0.0,0,0,0,1.0,0,0,0,0,0,0,0,0,0,0,2.5,1,0,0,0,0,0,0,0,0,0,0,0,0,0,0,0,0,0,0,0,0,0,0.0,,,0,0,0,0,0,1,9.2,0,0,0.0,,0,0,0,0,0,0,0,0,0,4.456521739130435,0,3.0,0,0,0,,,0,0,0.37,0,0,,0,0,0.0,0,0,,0,,0.0,,0,0,,0.0,0,0,0,0,0.0,0,0,0,0,,0,0,0,,5.0,2.5,0.0,0,0,0.0,2,0.0,1.0,0.0,0,0.0,5.0,0.0,0,0,0.0,0,0,1.0,0.0,0,0.0,0,0,0.0,,0,0,0,0,1.0,0,0,0,0,0,0,0.0,0,0,0,2.5,1.6666666666666665,0,0,0.0,0,0,0,0,,2.5,0,0,0.38081818181818183,0,0,1.0,0,0,0,0,0.0,,,0.0,0,,0,0,1.0,,0,0,1,0,,0,0,,0,0,,0,,0,3,0,0.47050000000000003,0,0,,0,0,0,0,0,2,0,0,,0,2,0,0,0,0,0.0,0,0,2.5,0.0,0,0,3.75,0,0,0.0,0,,2,0,0,0,5,0,,0,0,0,0,0,0,0,0,0,0,5,0,1.25,2.2727272727272716,0,0,0,0,1,0.0,0,0,0,0,0,0,0,0,0.0,0,0,0,0,0,0,,,0,,0,0,0,0.0,0,,0,3,0,0,0.0,0,0,1.6666666666666667,0,0,0,2.5,5,0,0,0,0,0,0,0,0.0,0,Nicholas Salinas,EMP0031
0,0,0,0,0.0,5.0,0.0,0,0,0,0,0,0,0,0,0,0,0,0,3.0,0,0,0,0,0,0,0,0,0,0,0,0,0.0,0,0,0,0,0,0,0,,0,,,0,1.0,0.0,0,0,0.0,0,0,,0,0,0.0,,0,0,0,0,0,0,0,,0,0,0,0,0,0,0,,0,0,,1.25,0.0,,0,0,3.2800000000000002,0,0,0,0,0,0,0,0,0,0.0,0,0,0,0,0.0,0,0,0.0,0,0,0.0,0.0,0.0,0,0,0,0,0,0,0,0.0,0,0,0,,0,0,0,0,0,,0.0,2.5,0,0,1.25,9,0.0,0,0.0,0.0,0,0.0,0,0,0,3,0,0,0,0,,0.0,0.0,1.0,0,0,0.0,0,0.0,0,0,0,0,0,0,0,0,0,0,0.0,0,0,0.0,,0.0,0.0,0,0,0,0,0,0.0,0,0,0,0,0,5,0.0,0.0,0,,0,1765,0,0,0.0,0,0,0,0,,0,0,0,2.5,,0,0,0,0,,0,3,0,0.0,0,0.0,2.5,0,0,0,0,0,0,0,0,1.0,,0,0,0,0.0,0,3,,,0,0,0,0,,0,0,0,5.0,0,0,0.0,0,,0,0,,0,,0,0,3,0,0,0,0,0,0,0,0,0,1,2.5,0,0,0,0,0,0,,,0,0,0,0,0,0,0,0,0,0,0,0.0,0,0,0,0,0,0,0,,0.0,0,0,0,1.0,0,0,0,0,0,0,0,0,0,0,0.0,1,0,0,0,0,0,0,0,0,0,0,0,0,0,0,0,0,0,0,0,0,0,2.5,,,0,0,0,0,0,1,8.4,0,0,0.0,,0,0,0,0,0,0,0,0,0,4.891304347826086,0,,0,0,0,0.0,,0,0,0.437,0,0,,0,0,0.0,0,0,,0,,0.0,,0,0,,0.0,0,0,0,0,0.0,0,0,0,0,,0,0,0,,1.2500000000000002,1.25,0.0,0,0,0.0,3,0.0,1.0,3.3333333333333335,0,0.0,,0.0,0,0,0.0,0,0,0.0,0.0,0,0.0,0,0,0.0,,0,0,0,0,1.0,0,0,0,0,0,0,0.0,0,0,0,2.5,0.0,0,0,0.0,0,0,0,0,,1.25,0,0,0.649,0,0,1.0,0,0,0,0,0.0,,,0.0,0,,0,0,0.0,,0,0,5,0,,0,0,0.0,0,0,,0,,0,4,0,0.383,0,0,,0,0,0,0,0,4,0,0,,0,5,0,0,0,0,0.0,0,0,2.5,1.0,0,0,0.0,0,0,1.0,0,,2,0,0,0,5,0,,0,0,0,0,0,0,0,0,0,0,5,0,5.0,1.3636363636363633,0,0,0,0,3,0.0,0,0,0,0,0,0,0,0,0.0,0,0,0,0,0,0,,,0,,0,0,0,0.0,0,,0,2,0,0,0.0,0,0,3.3333333333333335,0,0,0,2.5,3,0,0,0,0,0,0,0,0.0,0,Scott Miller,EMP0032
0,0,0,0,0.0,5.0,1.0,0,0,0,0,0,0,0,0,0,0,0,0,,0,0,0,0,0,0,0,0,0,0,0,3,0.0,0,0,0,0,0,0,0,,0,,,0,0.0,0.0,0,0,5.0,0,0,,0,0,0.0,,0,0,0,0,0,0,0,0.0,0,0,0,0,0,0,0,,0,0,,3.75,0.0,,0,0,3.2800000000000002,0,0,0,0,0,0,0,0,0,0.0,0,0,0,0,0.0,0,0,0.0,0,0,0.0,0.0,1.6666666666666667,0,0,0,0,0,4,0,0.0,0,0,0,,0,0,0,0,0,,0.0,5.0,0,0,2.5,11,0.0,0,0.0,0.0,0,0.0,0,0,0,3,0,0,0,0,,0.0,0.0,0.0,0,0,5.0,0,,0,0,0,0,0,0,0,0,0,0,0.0,0,0,0.0,,0.0,0.0,0,0,0,0,0,0.0,0,0,0,0,0,5,0.0,0.0,0,,0,1350,0,0,0.0,0,0,0,0,,0,0,0,5.0,,0,0,0,0,,0,4,0,0.0,0,0.0,2.5,0,0,0,0,0,0,0,0,1.0,,0,0,0,0.0,0,5,,,0,0,0,0,,0,0,0,1.6666666666666665,0,0,,0,2.0,0,0,,0,,0,0,5,0,0,0,0,0,0,0,0,0,3,0.0,0,0,0,0,0,0,,,0,0,0,0,0,0,0,0,0,0,0,0.0,0,0,0,0,0,0,0,,0.0,0,0,0,0.0,0,0,0,0,0,0,0,0,0,0,5.0,1,0,0,0,0,0,0,0,0,0,0,0,0,0,0,0,0,0,0,0,0,0,2.5,,,0,0,0,0,0,0,8.2,0,0,0.0,,0,0,0,0,0,0,0,0,0,3.695652173913043,0,,0,0,0,,,0,0,0.48566666666666664,0,0,,0,0,1.0,0,0,,0,,0.0,0.0,0,0,0.0,0.0,0,0,0,0,0.0,0,0,0,0,,0,0,0,,0.0,3.75,0.0,0,0,0.0,5,0.0,1.0,3.3333333333333335,0,0.0,,0.0,0,0,0.0,0,0,0.0,0.0,0,1.0,0,0,0.0,,0,0,0,0,1.0,0,0,0,0,0,0,0.0,0,0,0,5.0,3.3333333333333335,0,0,0.0,0,0,0,0,,2.5,0,0,0.464875,0,0,1.0,0,0,0,0,0.0,,,0.0,0,,0,0,1.0,,0,0,3,0,0.0,0,0,,0,0,,0,,0,1,0,0.4886666666666667,0,0,,0,0,0,0,0,1,0,0,,0,4,0,0,0,0,0.0,0,0,2.5,0.0,0,0,2.5,0,0,0.0,0,,3,0,0,0,5,0,,0,0,0,0,0,0,0,0,0,0,5,0,5.0,0.9090909090909092,0,0,0,0,4,0.0,0,0,0,0,0,0,0,0,0.0,0,0,0,0,0,0,,,0,,0,0,0,0.0,0,,0,5,0,0,0.0,0,0,1.6666666666666667,0,0,0,5.0,5,0,0,0,0,0,0,0,0.0,0,Elizabeth Golden,EMP0033
0,0,0,0,0.0,0.0,0.0,0,0,0,0,0,0,0,0,0,0,0,0,,0,0,0,0,0,0,0,0,0,0,0,5,0.0,0,0,0,0,0,0,0,,0,,,0,0.0,0.0,0,0,2.5,0,0,,0,0,1.0,,0,0,0,0,0,0,0,,0,0,0,0,0,0,0,,0,0,,2.5,0.0,,0,0,3.2800000000000002,0,0,0,0,0,0,0,0,0,0.0,0,0,0,0,0.0,0,0,0.0,0,0,0.0,0.0,1.6666666666666667,0,0,0,0,0,4,0,0.0,0,0,0,,0,0,0,0,0,,0.0,5.0,0,0,3.75,12,1.0,0,0.0,0.0,0,0.0,0,0,0,3,0,0,0,0,,0.0,0.0,1.0,0,0,5.0,0,,0,0,0,0,0,0,0,0,0,0,0.0,0,0,0.0,,0.0,0.0,0,0,0,0,0,0.0,0,0,0,0,0,0,0.0,0.0,0,,0,1296,0,0,0.0,0,0,0,0,5.0,0,0,0,5.0,,0,0,0,0,2.5,0,3,0,0.0,0,0.0,2.5,0,0,0,0,0,0,0,0,1.0,,0,0,0,0.0,0,5,,,0,0,0,0,2.0,0,0,0,1.6666666666666665,0,0,,0,,0,0,,0,,0,0,0,0,0,0,0,0,0,0,0,0,0,0.0,0,0,0,0,0,0,,,0,0,0,0,0,0,0,0,0,0,0,0.0,0,0,0,0,0,0,0,,0.0,0,0,0,0.0,0,0,0,0,0,0,0,0,0,0,2.5,1,0,0,0,0,0,0,0,0,0,0,0,0,0,0,0,0,0,0,0,0,0,2.5,,,0,0,0,0,0,0,5.2,0,0,0.0,,0,0,0,0,0,0,0,0,0,3.478260869565217,0,,0,0,0,,,0,0,0.5740000000000001,0,0,,0,0,0.0,0,0,,0,,0.0,,0,0,,0.0,0,0,0,0,0.0,0,0,0,0,,0,0,0,,3.75,1.25,0.0,0,0,0.0,2,0.0,0.0,1.6666666666666665,0,0.0,,0.0,0,0,0.0,0,0,0.0,0.0,0,0.0,0,0,0.0,,0,0,0,0,0.0,0,0,0,0,0,0,0.0,0,0,0,5.0,1.6666666666666665,0,0,0.0,0,0,0,0,,2.5,0,0,0.3826666666666667,0,0,1.0,0,0,0,0,0.0,,5.0,0.0,0,,0,0,1.0,,0,0,4,0,,0,0,,0,0,,0,,0,3,0,0.5814999999999999,0,0,,0,0,0,0,0,3,0,0,,0,3,0,0,0,0,0.0,0,0,2.5,0.0,0,0,3.75,0,0,0.0,0,,3,0,0,0,5,0,,0,0,0,0,0,0,0,0,0,0,5,0,2.5,3.1818181818181817,0,0,0,0,4,0.0,0,0,0,0,0,0,0,0,0.0,0,0,0,0,0,0,0.0,,0,,0,0,0,0.0,0,,0,2,0,0,0.0,0,0,1.6666666666666667,0,0,0,5.0,5,0,0,0,0,0,0,0,1.0,0,Lawrence Potter,EMP0034
0,0,0,0,0.0,1.6666666666666665,0.0,0,0,0,0,0,0,0,0,0,0,0,0,,0,0,0,0,0,0,0,0,0,0,0,1,0.0,0,0,0,0,0,0,0,,0,,,0,0.0,0.0,0,0,2.5,0,0,,0,0,1.0,,0,0,0,0,0,0,0,,0,0,0,0,0,0,0,,0,0,,3.75,0.0,,0,0,3.2800000000000002,0,0,0,0,0,0,0,0,0,0.0,0,0,0,0,0.0,0,0,0.0,0,0,0.0,0.0,3.333333333333333,0,0,0,0,0,3,0,0.0,0,0,0,,0,0,0,0,0,,0.0,5.0,0,0,1.25,8,0.0,0,0.0,0.0,0,0.0,0,0,0,3,0,0,0,0,,0.0,0.0,1.0,0,0,2.5,0,,0,0,0,0,0,0,0,0,0,0,0.0,0,0,0.0,,0.0,0.0,0,0,0,0,0,0.0,0,0,0,0,0,5,0.0,0.0,0,,0,1430,0,0,0.0,0,0,0,0,,0,0,0,2.5,,0,0,0,0,,0,3,0,0.0,0,0.0,0.0,0,0,0,0,0,0,0,0,0.0,,0,0,0,0.0,0,3,,,0,0,0,0,,0,0,0,1.6666666666666665,0,0,,0,,0,0,,0,,0,0,0,0,0,0,0,0,0,0,0,0,1,0.0,0,0,0,0,0,0,,,0,0,0,0,0,0,0,0,0,0,0,0.0,0,0,0,0,0,0,0,,0.0,0,0,0,1.0,0,0,0,0,0,0,0,0,0,0,2.5,1,0,0,0,3,0,0,0,0,0,0,0,0,0,0,0,0,0,0,0,0,0,0.0,,3.0,0,0,0,0,0,0,3.9,0,0,0.0,,0,0,0,0,0,0,0,0,0,3.913043478260869,0,,0,0,0,,,0,0,0.735,0,0,,0,0,0.0,0,0,,0,5.0,0.0,,0,0,,0.0,0,0,0,0,0.0,0,0,0,0,5.0,0,0,0,,3.75,2.5,0.0,0,0,0.0,0,1.0,0.0,3.3333333333333335,0,0.0,,0.0,0,0,0.0,0,0,0.0,0.0,0,0.0,0,0,0.0,4.0,0,0,0,0,0.0,0,0,0,0,0,0,0.0,0,0,0,2.5,1.6666666666666665,0,0,0.0,0,0,0,0,,2.5,0,0,0.751,0,0,1.0,0,0,0,0,0.0,,,0.0,0,,0,0,1.0,0.0,0,0,3,0,,0,0,,0,0,,0,,0,3,0,0.365,0,0,,0,0,0,0,0,3,0,0,,0,4,0,0,0,0,0.0,0,0,2.5,0.0,0,0,1.25,0,0,0.0,0,,3,0,0,0,5,0,,0,0,0,0,0,0,0,0,0,0,5,0,5.0,2.2727272727272716,0,0,0,0,3,1.0,0,0,0,0,0,0,0,0,0.0,0,0,0,0,0,0,,,0,,0,0,0,0.0,0,,0,1,0,0,0.0,0,0,1.6666666666666667,0,0,0,5.0,5,0,0,0,0,0,0,0,0.0,0,John Johnson,EMP0035
0,0,0,0,0.0,5.0,0.0,0,0,0,0,0,0,0,0,0,0,0,0,,0,0,0,0,0,0,0,0,0,0,0,0,0.0,0,0,0,0,0,0,0,,0,,,0,0.0,0.0,0,0,2.5,0,0,,0,0,0.0,,0,0,0,0,0,0,0,,0,0,0,0,0,0,0,,0,0,,2.5,0.0,,0,0,3.2800000000000002,0,0,0,0,0,0,0,0,0,0.0,0,0,0,0,1.0,0,0,0.0,0,0,0.0,1.0,0.0,0,0,0,0,0,0,0,0.0,0,0,0,,0,0,0,0,0,,0.0,5.0,0,0,2.5,8,0.0,0,0.0,0.0,0,0.0,0,0,0,5,0,0,0,0,,0.0,0.0,0.0,0,0,5.0,0,,0,0,0,0,0,0,0,0,0,0,0.0,0,0,0.0,,0.0,0.0,0,0,0,0,0,0.0,0,0,0,0,0,5,0.0,0.0,0,,0,1430,0,0,0.0,0,0,0,0,,0,0,0,5.0,,0,0,0,0,,0,3,0,0.0,0,0.0,2.5,0,0,0,0,0,0,0,0,1.0,5.0,0,0,0,0.0,0,5,,,0,0,0,0,,0,0,0,0.0,0,0,,0,,0,0,,0,,0,0,5,0,0,0,0,0,0,0,0,0,0,2.5,0,0,0,0,0,0,,2.5,0,0,0,0,0,0,0,0,0,0,0,0.0,0,0,0,0,0,0,0,,0.0,0,0,0,0.0,0,0,0,0,0,0,0,0,0,0,2.5,1,0,0,0,0,0,0,0,0,0,0,0,0,0,0,0,0,0,0,0,0,0,2.5,,,0,0,0,0,0,0,8.4,0,0,0.0,,0,0,0,0,0,0,0,0,0,3.913043478260869,0,,0,0,0,,,0,0,0.42924999999999996,0,0,,0,0,0.0,0,0,,0,,0.0,,0,0,,0.0,0,0,0,0,0.0,0,0,0,0,,0,0,0,,2.5,2.5,0.0,0,0,0.0,0,0.0,1.0,0.0,0,1.0,,0.0,0,0,0.0,0,0,0.0,0.0,0,0.0,0,0,0.0,,0,0,0,0,0.0,0,0,0,0,0,0,0.0,0,0,0,5.0,1.6666666666666665,0,0,0.0,0,0,0,0,,2.5,0,0,0.3326666666666667,0,0,0.0,0,0,0,0,0.0,,,0.0,0,,0,0,1.0,,0,0,3,0,,0,0,,0,0,,0,3.0,0,3,0,0.364,0,0,,0,0,0,0,0,2,0,0,,0,1,0,0,0,0,1.0,0,0,2.5,0.0,0,0,2.5,0,0,0.0,0,,2,0,0,0,5,0,,0,0,0,0,0,0,0,0,0,0,5,0,0.0,4.545454545454544,0,0,0,0,3,0.0,0,0,0,0,0,0,0,0,0.0,0,0,0,0,0,0,,,0,5.0,0,0,0,0.0,0,5.0,0,2,0,0,0.0,0,0,1.6666666666666667,0,0,0,2.5,5,0,0,0,0,0,0,0,0.0,0,Chad Valenzuela,EMP0036
0,0,0,0,0.0,3.3333333333333335,0.0,0,0,0,0,0,0,0,0,0,0,0,0,,0,0,0,0,0,0,0,0,0,0,0,1,0.0,0,0,0,0,0,0,0,,0,0.0,,0,0.0,0.0,0,0,0.0,0,0,,0,0,0.0,,0,0,0,0,0,0,0,,0,0,0,0,0,0,0,,0,0,,2.5,0.0,,0,0,3.25,0,0,0,0,0,0,0,0,0,0.0,0,0,0,0,0.0,0,0,0.0,0,0,0.0,1.0,1.6666666666666667,0,0,0,0,0,1,0,0.0,0,0,0,2.0,0,0,0,0,0,0.0,0.0,5.0,0,0,2.5,12,0.0,0,0.0,0.0,0,0.0,0,0,0,2,0,0,0,0,,0.0,0.0,0.0,0,0,2.5,0,,0,0,0,0,0,0,0,0,0,0,0.0,0,0,0.0,,0.0,0.0,0,0,0,0,0,0.0,0,0,0,0,0,5,0.0,0.0,0,,0,1311,0,0,0.0,0,0,0,0,,0,0,0,2.5,,0,0,0,0,,0,3,0,0.0,0,0.0,0.0,0,0,0,0,0,0,0,0,1.0,,0,0,0,0.0,0,5,,3.0,0,0,0,0,,0,0,0,3.3333333333333335,0,0,,0,,0,0,,0,,0,0,3,0,0,0,0,0,0,0,0,0,2,5.0,0,0,0,0,0,0,,,0,0,0,0,0,0,0,0,0,0,0,0.0,0,0,0,0,0,0,0,,0.0,0,0,0,0.0,0,0,0,0,0,0,0,0,0,0,2.5,1,0,0,0,0,0,0,0,0,0,0,0,0,0,0,0,0,0,0,0,0,0,0.0,,,0,0,0,0,0,0,6.8,0,0,0.0,,0,0,0,0,0,0,0,0,0,3.478260869565217,0,,0,0,0,,,0,0,0.369,0,0,,0,0,0.0,0,0,,0,,1.0,,0,0,,0.0,0,0,0,0,0.0,0,0,0,0,,0,0,0,,0.0,0.0,0.0,0,0,0.0,0,0.0,1.0,3.3333333333333335,0,0.0,,1.0,0,0,0.0,0,0,0.0,1.0,0,0.0,0,0,0.0,,0,0,0,0,1.0,0,0,0,0,0,0,0.0,0,0,0,2.5,0.0,0,0,0.0,0,0,0,0,0.0,3.75,0,0,0.40981818181818186,0,0,0.0,0,0,0,0,0.0,,,0.0,0,,0,0,1.0,,0,0,4,0,,0,0,,0,0,,0,,0,1,0,0.522,0,0,,0,0,0,0,0,4,0,0,,0,4,0,0,0,0,0.0,0,0,2.5,0.0,0,0,2.5,0,0,0.0,0,,3,0,0,0,5,0,,0,0,0,0,0,0,0,0,0,0,5,0,5.0,2.2727272727272716,0,0,0,0,4,0.0,0,0,0,0,0,0,0,0,0.0,0,0,0,0,0,0,,,0,,0,0,0,0.0,0,,0,2,0,0,0.0,0,0,3.3333333333333335,0,0,0,0.0,5,0,0,0,0,0,0,0,0.0,0,Carl Hall,EMP0037
0,0,0,0,0.0,0.0,0.0,0,0,0,0,0,0,0,0,0,0,0,0,,0,0,0,0,0,0,0,0,0,0,0,1,0.0,0,0,0,0,0,0,0,,0,,3.0,0,0.0,0.0,0,0,2.5,0,0,,0,0,0.0,,0,0,0,0,0,0,0,,0,0,0,0,0,0,0,,0,0,,1.25,0.0,,0,0,3.695,0,0,0,0,0,0,0,0,0,0.0,0,0,0,0,0.0,0,0,0.0,0,0,1.0,0.0,1.6666666666666667,0,0,0,0,0,0,0,0.0,0,0,0,,0,0,0,0,0,,0.0,5.0,0,0,1.25,4,0.0,0,0.0,0.0,0,0.0,0,0,0,4,0,0,0,0,,0.0,0.0,0.0,0,0,2.5,0,,0,0,0,0,0,0,0,0,0,0,0.0,0,0,0.0,,0.0,0.0,0,0,0,0,0,0.0,0,0,0,0,0,0,0.0,0.0,0,,0,1193,0,0,0.0,0,0,0,0,,0,0,0,5.0,,0,0,0,0,,0,3,0,0.0,0,0.0,5.0,0,0,0,0,0,0,0,0,1.0,,0,0,0,0.0,0,3,,,0,0,0,0,,0,0,0,0.0,0,0,,0,,0,0,,0,,0,0,3,0,0,0,0,0,0,0,0,0,3,2.5,0,0,0,0,0,0,,,0,0,0,0,0,0,0,0,0,0,0,0.0,0,0,0,0,0,0,0,,0.0,0,0,0,1.0,0,0,0,0,0,0,0,0,0,0,2.5,1,0,0,0,0,0,0,0,0,0,0,0,0,0,0,0,0,0,0,0,0,0,5.0,,,0,0,0,0,0,0,4.4,0,0,0.0,3.0,0,0,0,0,0,0,0,0,0,3.152173913043478,0,,0,0,0,,,0,0,0.5264166666666668,0,0,,0,0,0.0,0,0,,0,,0.0,,0,0,,0.0,0,0,0,0,1.0,0,0,0,0,,0,0,0,0.0,3.75,2.5,0.0,0,0,0.0,0,0.0,1.0,1.6666666666666665,0,0.0,,0.0,0,0,1.0,0,0,0.0,0.0,0,0.0,0,0,0.0,,0,0,0,0,0.0,0,0,0,0,0,0,0.0,0,0,0,5.0,0.0,0,0,0.0,0,0,0,0,,2.5,0,0,0.643,0,0,1.0,0,0,0,0,0.0,0.0,,0.0,0,,0,0,1.0,,0,0,2,0,,0,0,,0,0,,0,,0,4,0,0.4573333333333333,0,0,,0,0,0,0,0,2,0,0,2.4999999999999996,0,2,0,0,0,0,0.0,0,0,2.5,0.0,0,0,0.0,0,0,0.0,0,,4,0,0,0,5,0,,0,0,0,0,0,0,0,0,0,0,0,0,1.25,2.7272727272727266,0,0,0,0,2,0.0,0,0,0,0,0,0,0,0,0.0,0,0,0,0,0,0,,,0,,0,0,0,0.0,0,,0,1,0,0,0.0,0,0,0.0,0,0,0,2.5,5,0,0,0,0,0,0,0,0.0,0,Collin Ward,EMP0038
0,0,0,0,0.0,0.0,0.0,0,0,0,0,0,0,0,0,0,0,0,0,,0,0,0,0,0,0,0,0,0,0,0,0,0.0,0,0,0,0,0,0,0,,0,,,0,0.0,0.0,0,0,2.5,0,0,,0,0,1.0,,0,0,0,0,0,0,0,,0,0,0,0,0,0,0,,0,0,,0.0,0.0,,0,0,3.2800000000000002,0,0,0,0,0,0,0,0,0,0.0,0,0,0,0,0.0,0,0,0.0,0,0,0.0,1.0,1.6666666666666667,0,0,0,0,0,2,0,0.0,0,0,0,,0,0,0,0,0,,0.0,0.0,0,0,3.75,5,0.0,0,0.0,0.0,0,0.0,0,0,0,3,0,0,0,0,,0.0,0.0,1.0,0,0,2.5,0,,0,0,0,0,0,0,0,0,0,0,0.0,0,0,0.0,,1.0,0.0,0,0,0,0,0,0.0,0,0,0,0,0,0,0.0,0.0,0,,0,1162,0,0,0.0,0,0,0,0,1.6666666666666665,0,0,0,2.5,,0,0,0,0,5.0,0,2,0,0.0,0,0.0,0.0,0,0,0,0,0,0,0,0,0.0,,0,0,0,0.0,0,3,,,0,0,0,0,3.0,0,0,0,0.0,0,0,,0,,0,0,,0,,0,0,0,0,0,0,0,0,0,0,0,0,0,5.0,0,0,0,0,0,0,,,0,0,0,0,0,0,0,0,0,0,0,0.0,0,0,0,0,0,0,0,,0.0,0,0,0,0.0,0,0,0,0,0,0,0,0,0,0,0.0,1,0,0,0,1,0,0,0,0,0,0,0,0,0,0,0,0,0,0,0,0,0,0.0,,,0,0,0,0,0,0,3.6,0,0,0.0,,0,0,0,0,0,0,0,0,0,3.043478260869565,0,,0,0,0,,,0,0,0.371,0,0,,0,0,0.0,0,0,,0,,0.0,,0,0,,0.0,0,0,0,0,0.0,0,0,0,0,,0,0,0,,3.75,1.25,0.0,0,0,0.0,1,0.0,0.0,0.0,0,0.0,,0.0,0,0,0.0,0,0,0.0,0.0,0,0.0,0,0,0.0,,0,0,0,0,0.0,0,0,0,0,0,0,0.0,0,0,0,2.5,0.0,0,0,1.0,0,0,0,0,,3.75,0,0,0.346,0,0,0.0,0,0,0,0,0.0,,5.0,0.0,0,,0,0,1.0,,0,0,2,0,,0,0,,0,0,,0,,0,3,0,0.4916666666666667,0,0,,0,0,0,0,0,3,0,0,,0,1,0,0,0,0,0.0,0,0,2.5,0.0,0,0,3.75,0,0,0.0,0,,2,0,0,0,1,0,,0,0,0,0,0,0,0,0,0,0,0,0,0.0,3.1818181818181817,0,0,0,0,2,1.0,0,0,0,0,0,0,0,0,0.0,0,0,0,0,0,0,0.0,,0,,0,0,0,0.0,0,,0,1,0,0,0.0,0,0,0.0,0,0,0,0.0,5,0,0,0,0,0,0,0,1.0,0,Kurt Smith,EMP0039
